ID,LATITUDE,LONGITUDE,ELEVATION,STATE,NAME,GSN_FLAG,HCN_CRN_FLAG,YEAR/MONTH/DAY,ELEMENT,DATA VALUE,M-FLAG,Q-FLAG,S-FLAG,OBS-TIME
CHM00057516,29.583,106.467,416,,CHONGQING,,,19750624,TMAX,313,,,s,
CHM00057516,29.583,106.467,416,,CHONGQING,,,19750101,TMAX,93,,,s,
CHM00057516,29.583,106.467,416,,CHONGQING,,,19750624,TMIN,274,,,s,
CHM00057516,29.583,106.467,416,,CHONGQING,,,19750101,TMIN,73,,,s,
CHM00057516,29.583,106.467,416,,CHONGQING,,,19750624,PRCP,0,T,,s,
CHM00057516,29.583,106.467,416,,CHONGQING,,,19750101,PRCP,0,T,,s,
CHM00057516,29.583,106.467,416,,CHONGQING,,,19750624,TAVG,284,,,s,
CHM00057516,29.583,106.467,416,,CHONGQING,,,19750101,TAVG,84,,,s,
CHM00057516,29.583,106.467,416,,CHONGQING,,,19750625,TMAX,280,,,s,
CHM00057516,29.583,106.467,416,,CHONGQING,,,19750102,TMAX,86,,,s,
CHM00057516,29.583,106.467,416,,CHONGQING,,,19750625,TMIN,230,,,s,
CHM00057516,29.583,106.467,416,,CHONGQING,,,19750102,TMIN,72,,,s,
CHM00057516,29.583,106.467,416,,CHONGQING,,,19750625,PRCP,26,,,s,
CHM00057516,29.583,106.467,416,,CHONGQING,,,19750102,PRCP,0,T,,s,
CHM00057516,29.583,106.467,416,,CHONGQING,,,19750625,TAVG,246,,,s,
CHM00057516,29.583,106.467,416,,CHONGQING,,,19750102,TAVG,79,,,s,
CHM00057516,29.583,106.467,416,,CHONGQING,,,19750626,TMAX,245,,,s,
CHM00057516,29.583,106.467,416,,CHONGQING,,,19750103,TMAX,87,,,s,
CHM00057516,29.583,106.467,416,,CHONGQING,,,19750626,TMIN,220,,,s,
CHM00057516,29.583,106.467,416,,CHONGQING,,,19750103,TMIN,61,,,s,
CHM00057516,29.583,106.467,416,,CHONGQING,,,19750626,PRCP,39,,,s,
CHM00057516,29.583,106.467,416,,CHONGQING,,,19750103,PRCP,10,,,s,
CHM00057516,29.583,106.467,416,,CHONGQING,,,19750626,TAVG,227,,,s,
CHM00057516,29.583,106.467,416,,CHONGQING,,,19750103,TAVG,74,,,s,
CHM00057516,29.583,106.467,416,,CHONGQING,,,19750627,TMAX,274,,,s,
CHM00057516,29.583,106.467,416,,CHONGQING,,,19750104,TMAX,114,,,s,
CHM00057516,29.583,106.467,416,,CHONGQING,,,19750627,TMIN,206,,,s,
CHM00057516,29.583,106.467,416,,CHONGQING,,,19750104,TMIN,52,,,s,
CHM00057516,29.583,106.467,416,,CHONGQING,,,19750627,PRCP,18,,,s,
CHM00057516,29.583,106.467,416,,CHONGQING,,,19750104,PRCP,0,T,,s,
CHM00057516,29.583,106.467,416,,CHONGQING,,,19750627,TAVG,238,,,s,
CHM00057516,29.583,106.467,416,,CHONGQING,,,19750104,TAVG,76,,,s,
CHM00057516,29.583,106.467,416,,CHONGQING,,,19750628,TMAX,268,,,s,
CHM00057516,29.583,106.467,416,,CHONGQING,,,19750105,TMAX,90,,,s,
CHM00057516,29.583,106.467,416,,CHONGQING,,,19750628,TMIN,215,,,s,
CHM00057516,29.583,106.467,416,,CHONGQING,,,19750105,TMIN,72,,,s,
CHM00057516,29.583,106.467,416,,CHONGQING,,,19750628,PRCP,76,,,s,
CHM00057516,29.583,106.467,416,,CHONGQING,,,19750105,PRCP,0,,,s,
CHM00057516,29.583,106.467,416,,CHONGQING,,,19750628,TAVG,235,,,s,
CHM00057516,29.583,106.467,416,,CHONGQING,,,19750105,TAVG,82,,,s,
CHM00057516,29.583,106.467,416,,CHONGQING,,,19750629,TMAX,248,,,s,
CHM00057516,29.583,106.467,416,,CHONGQING,,,19750106,TMAX,88,,,s,
CHM00057516,29.583,106.467,416,,CHONGQING,,,19750629,TMIN,222,,,s,
CHM00057516,29.583,106.467,416,,CHONGQING,,,19750106,TMIN,73,,,s,
CHM00057516,29.583,106.467,416,,CHONGQING,,,19750629,PRCP,24,,,s,
CHM00057516,29.583,106.467,416,,CHONGQING,,,19750106,PRCP,1,,,s,
CHM00057516,29.583,106.467,416,,CHONGQING,,,19750629,TAVG,230,,,s,
CHM00057516,29.583,106.467,416,,CHONGQING,,,19750106,TAVG,83,,,s,
CHM00057516,29.583,106.467,416,,CHONGQING,,,19750630,TMAX,251,,,s,
CHM00057516,29.583,106.467,416,,CHONGQING,,,19750107,TMAX,122,,,s,
CHM00057516,29.583,106.467,416,,CHONGQING,,,19750630,TMIN,215,,,s,
CHM00057516,29.583,106.467,416,,CHONGQING,,,19750107,TMIN,75,,,s,
CHM00057516,29.583,106.467,416,,CHONGQING,,,19750630,PRCP,22,,,s,
CHM00057516,29.583,106.467,416,,CHONGQING,,,19750107,PRCP,0,,,s,
CHM00057516,29.583,106.467,416,,CHONGQING,,,19750630,TAVG,227,,,s,
CHM00057516,29.583,106.467,416,,CHONGQING,,,19750107,TAVG,96,,,s,
CHM00057516,29.583,106.467,416,,CHONGQING,,,19750701,TMAX,270,,,s,
CHM00057516,29.583,106.467,416,,CHONGQING,,,19750108,TMAX,111,,,s,
CHM00057516,29.583,106.467,416,,CHONGQING,,,19750701,TMIN,222,,,s,
CHM00057516,29.583,106.467,416,,CHONGQING,,,19750108,TMIN,43,,,s,
CHM00057516,29.583,106.467,416,,CHONGQING,,,19750701,PRCP,0,T,,s,
CHM00057516,29.583,106.467,416,,CHONGQING,,,19750108,PRCP,1,,,s,
CHM00057516,29.583,106.467,416,,CHONGQING,,,19750701,TAVG,242,,,s,
CHM00057516,29.583,106.467,416,,CHONGQING,,,19750108,TAVG,82,,,s,
CHM00057516,29.583,106.467,416,,CHONGQING,,,19750702,TMAX,277,,,s,
CHM00057516,29.583,106.467,416,,CHONGQING,,,19750109,TMAX,132,,,s,
CHM00057516,29.583,106.467,416,,CHONGQING,,,19750702,TMIN,235,,,s,
CHM00057516,29.583,106.467,416,,CHONGQING,,,19750109,TMIN,81,,,s,
CHM00057516,29.583,106.467,416,,CHONGQING,,,19750702,PRCP,1,,,s,
CHM00057516,29.583,106.467,416,,CHONGQING,,,19750109,PRCP,0,,,s,
CHM00057516,29.583,106.467,416,,CHONGQING,,,19750702,TAVG,255,,,s,
CHM00057516,29.583,106.467,416,,CHONGQING,,,19750109,TAVG,104,,,s,
CHM00057516,29.583,106.467,416,,CHONGQING,,,19750703,TMAX,323,,,s,
CHM00057516,29.583,106.467,416,,CHONGQING,,,19750110,TMAX,112,,,s,
CHM00057516,29.583,106.467,416,,CHONGQING,,,19750703,TMIN,234,,,s,
CHM00057516,29.583,106.467,416,,CHONGQING,,,19750110,TMIN,40,,,s,
CHM00057516,29.583,106.467,416,,CHONGQING,,,19750703,PRCP,19,,,s,
CHM00057516,29.583,106.467,416,,CHONGQING,,,19750110,PRCP,2,,,s,
CHM00057516,29.583,106.467,416,,CHONGQING,,,19750703,TAVG,272,,,s,
CHM00057516,29.583,106.467,416,,CHONGQING,,,19750110,TAVG,75,,,s,
CHM00057516,29.583,106.467,416,,CHONGQING,,,19750704,TMAX,342,,,s,
CHM00057516,29.583,106.467,416,,CHONGQING,,,19750111,TMAX,107,,,s,
CHM00057516,29.583,106.467,416,,CHONGQING,,,19750704,TMIN,263,,,s,
CHM00057516,29.583,106.467,416,,CHONGQING,,,19750111,TMIN,73,,,s,
CHM00057516,29.583,106.467,416,,CHONGQING,,,19750704,PRCP,0,,,s,
CHM00057516,29.583,106.467,416,,CHONGQING,,,19750111,PRCP,0,T,,s,
CHM00057516,29.583,106.467,416,,CHONGQING,,,19750704,TAVG,294,,,s,
CHM00057516,29.583,106.467,416,,CHONGQING,,,19750111,TAVG,90,,,s,
CHM00057516,29.583,106.467,416,,CHONGQING,,,19750705,TMAX,288,,,s,
CHM00057516,29.583,106.467,416,,CHONGQING,,,19750112,TMAX,116,,,s,
CHM00057516,29.583,106.467,416,,CHONGQING,,,19750705,TMIN,244,,,s,
CHM00057516,29.583,106.467,416,,CHONGQING,,,19750112,TMIN,79,,,s,
CHM00057516,29.583,106.467,416,,CHONGQING,,,19750705,PRCP,57,,,s,
CHM00057516,29.583,106.467,416,,CHONGQING,,,19750112,PRCP,2,,,s,
CHM00057516,29.583,106.467,416,,CHONGQING,,,19750705,TAVG,266,,,s,
CHM00057516,29.583,106.467,416,,CHONGQING,,,19750112,TAVG,95,,,s,
CHM00057516,29.583,106.467,416,,CHONGQING,,,19750706,TMAX,327,,,s,
CHM00057516,29.583,106.467,416,,CHONGQING,,,19750113,TMAX,101,,,s,
CHM00057516,29.583,106.467,416,,CHONGQING,,,19750706,TMIN,238,,,s,
CHM00057516,29.583,106.467,416,,CHONGQING,,,19750113,TMIN,80,,,s,
CHM00057516,29.583,106.467,416,,CHONGQING,,,19750706,PRCP,0,,,s,
CHM00057516,29.583,106.467,416,,CHONGQING,,,19750113,PRCP,0,,,s,
CHM00057516,29.583,106.467,416,,CHONGQING,,,19750706,TAVG,280,,,s,
CHM00057516,29.583,106.467,416,,CHONGQING,,,19750113,TAVG,91,,,s,
CHM00057516,29.583,106.467,416,,CHONGQING,,,19750707,TMAX,352,,,s,
CHM00057516,29.583,106.467,416,,CHONGQING,,,19750114,TMAX,132,,,s,
CHM00057516,29.583,106.467,416,,CHONGQING,,,19750707,TMIN,254,,,s,
CHM00057516,29.583,106.467,416,,CHONGQING,,,19750114,TMIN,77,,,s,
CHM00057516,29.583,106.467,416,,CHONGQING,,,19750707,PRCP,0,,,s,
CHM00057516,29.583,106.467,416,,CHONGQING,,,19750114,PRCP,46,,,s,
CHM00057516,29.583,106.467,416,,CHONGQING,,,19750707,TAVG,298,,,s,
CHM00057516,29.583,106.467,416,,CHONGQING,,,19750114,TAVG,97,,,s,
CHM00057516,29.583,106.467,416,,CHONGQING,,,19750708,TMAX,362,,,s,
CHM00057516,29.583,106.467,416,,CHONGQING,,,19750115,TMAX,115,,,s,
CHM00057516,29.583,106.467,416,,CHONGQING,,,19750708,TMIN,268,,,s,
CHM00057516,29.583,106.467,416,,CHONGQING,,,19750115,TMIN,45,,,s,
CHM00057516,29.583,106.467,416,,CHONGQING,,,19750708,PRCP,0,T,,s,
CHM00057516,29.583,106.467,416,,CHONGQING,,,19750115,PRCP,2,,,s,
CHM00057516,29.583,106.467,416,,CHONGQING,,,19750708,TAVG,307,,,s,
CHM00057516,29.583,106.467,416,,CHONGQING,,,19750115,TAVG,72,,,s,
CHM00057516,29.583,106.467,416,,CHONGQING,,,19750709,TMAX,313,,,s,
CHM00057516,29.583,106.467,416,,CHONGQING,,,19750116,TMAX,106,,,s,
CHM00057516,29.583,106.467,416,,CHONGQING,,,19750709,TMIN,237,,,s,
CHM00057516,29.583,106.467,416,,CHONGQING,,,19750116,TMIN,48,,,s,
CHM00057516,29.583,106.467,416,,CHONGQING,,,19750709,PRCP,0,T,,s,
CHM00057516,29.583,106.467,416,,CHONGQING,,,19750116,PRCP,2,,,s,
CHM00057516,29.583,106.467,416,,CHONGQING,,,19750709,TAVG,270,,,s,
CHM00057516,29.583,106.467,416,,CHONGQING,,,19750116,TAVG,82,,,s,
CHM00057516,29.583,106.467,416,,CHONGQING,,,19750710,TMAX,272,,,s,
CHM00057516,29.583,106.467,416,,CHONGQING,,,19750117,TMAX,104,,,s,
CHM00057516,29.583,106.467,416,,CHONGQING,,,19750710,TMIN,199,,,s,
CHM00057516,29.583,106.467,416,,CHONGQING,,,19750117,TMIN,75,,,s,
CHM00057516,29.583,106.467,416,,CHONGQING,,,19750710,PRCP,153,,,s,
CHM00057516,29.583,106.467,416,,CHONGQING,,,19750117,PRCP,34,,,s,
CHM00057516,29.583,106.467,416,,CHONGQING,,,19750710,TAVG,229,,,s,
CHM00057516,29.583,106.467,416,,CHONGQING,,,19750117,TAVG,88,,,s,
CHM00057516,29.583,106.467,416,,CHONGQING,,,19750711,TMAX,295,,,s,
CHM00057516,29.583,106.467,416,,CHONGQING,,,19750118,TMAX,90,,,s,
CHM00057516,29.583,106.467,416,,CHONGQING,,,19750711,TMIN,216,,,s,
CHM00057516,29.583,106.467,416,,CHONGQING,,,19750118,TMIN,63,,,s,
CHM00057516,29.583,106.467,416,,CHONGQING,,,19750711,PRCP,0,T,,s,
CHM00057516,29.583,106.467,416,,CHONGQING,,,19750118,PRCP,53,,,s,
CHM00057516,29.583,106.467,416,,CHONGQING,,,19750711,TAVG,249,,,s,
CHM00057516,29.583,106.467,416,,CHONGQING,,,19750118,TAVG,71,,,s,
CHM00057516,29.583,106.467,416,,CHONGQING,,,19750712,TMAX,299,,,s,
CHM00057516,29.583,106.467,416,,CHONGQING,,,19750119,TMAX,71,,,s,
CHM00057516,29.583,106.467,416,,CHONGQING,,,19750712,TMIN,224,,,s,
CHM00057516,29.583,106.467,416,,CHONGQING,,,19750119,TMIN,48,,,s,
CHM00057516,29.583,106.467,416,,CHONGQING,,,19750712,PRCP,1,,,s,
CHM00057516,29.583,106.467,416,,CHONGQING,,,19750119,PRCP,9,,,s,
CHM00057516,29.583,106.467,416,,CHONGQING,,,19750712,TAVG,258,,,s,
CHM00057516,29.583,106.467,416,,CHONGQING,,,19750119,TAVG,63,,,s,
CHM00057516,29.583,106.467,416,,CHONGQING,,,19750713,TMAX,312,,,s,
CHM00057516,29.583,106.467,416,,CHONGQING,,,19750120,TMAX,81,,,s,
CHM00057516,29.583,106.467,416,,CHONGQING,,,19750713,TMIN,226,,,s,
CHM00057516,29.583,106.467,416,,CHONGQING,,,19750120,TMIN,57,,,s,
CHM00057516,29.583,106.467,416,,CHONGQING,,,19750713,PRCP,0,,,s,
CHM00057516,29.583,106.467,416,,CHONGQING,,,19750120,PRCP,0,T,,s,
CHM00057516,29.583,106.467,416,,CHONGQING,,,19750713,TAVG,268,,,s,
CHM00057516,29.583,106.467,416,,CHONGQING,,,19750120,TAVG,70,,,s,
CHM00057516,29.583,106.467,416,,CHONGQING,,,19750714,TMAX,337,,,s,
CHM00057516,29.583,106.467,416,,CHONGQING,,,19750121,TMAX,95,,,s,
CHM00057516,29.583,106.467,416,,CHONGQING,,,19750714,TMIN,228,,,s,
CHM00057516,29.583,106.467,416,,CHONGQING,,,19750121,TMIN,60,,,s,
CHM00057516,29.583,106.467,416,,CHONGQING,,,19750714,PRCP,0,,,s,
CHM00057516,29.583,106.467,416,,CHONGQING,,,19750121,PRCP,1,,,s,
CHM00057516,29.583,106.467,416,,CHONGQING,,,19750714,TAVG,284,,,s,
CHM00057516,29.583,106.467,416,,CHONGQING,,,19750121,TAVG,74,,,s,
CHM00057516,29.583,106.467,416,,CHONGQING,,,19750715,TMAX,360,,,s,
CHM00057516,29.583,106.467,416,,CHONGQING,,,19750122,TMAX,104,,,s,
CHM00057516,29.583,106.467,416,,CHONGQING,,,19750715,TMIN,236,,,s,
CHM00057516,29.583,106.467,416,,CHONGQING,,,19750122,TMIN,31,,,s,
CHM00057516,29.583,106.467,416,,CHONGQING,,,19750715,PRCP,0,,,s,
CHM00057516,29.583,106.467,416,,CHONGQING,,,19750122,PRCP,0,,,s,
CHM00057516,29.583,106.467,416,,CHONGQING,,,19750715,TAVG,297,,,s,
CHM00057516,29.583,106.467,416,,CHONGQING,,,19750122,TAVG,64,,,s,
CHM00057516,29.583,106.467,416,,CHONGQING,,,19750716,TMAX,371,,,s,
CHM00057516,29.583,106.467,416,,CHONGQING,,,19750123,TMAX,122,,,s,
CHM00057516,29.583,106.467,416,,CHONGQING,,,19750716,TMIN,258,,,s,
CHM00057516,29.583,106.467,416,,CHONGQING,,,19750123,TMIN,46,,,s,
CHM00057516,29.583,106.467,416,,CHONGQING,,,19750716,PRCP,0,,,s,
CHM00057516,29.583,106.467,416,,CHONGQING,,,19750123,PRCP,0,,,s,
CHM00057516,29.583,106.467,416,,CHONGQING,,,19750716,TAVG,311,,,s,
CHM00057516,29.583,106.467,416,,CHONGQING,,,19750123,TAVG,86,,,s,
CHM00057516,29.583,106.467,416,,CHONGQING,,,19750717,TMAX,365,,,s,
CHM00057516,29.583,106.467,416,,CHONGQING,,,19750124,TMAX,126,,,s,
CHM00057516,29.583,106.467,416,,CHONGQING,,,19750717,TMIN,258,,,s,
CHM00057516,29.583,106.467,416,,CHONGQING,,,19750124,TMIN,78,,,s,
CHM00057516,29.583,106.467,416,,CHONGQING,,,19750717,PRCP,0,,,s,
CHM00057516,29.583,106.467,416,,CHONGQING,,,19750124,PRCP,0,,,s,
CHM00057516,29.583,106.467,416,,CHONGQING,,,19750717,TAVG,313,,,s,
CHM00057516,29.583,106.467,416,,CHONGQING,,,19750124,TAVG,93,,,s,
CHM00057516,29.583,106.467,416,,CHONGQING,,,19750718,TMAX,370,,,s,
CHM00057516,29.583,106.467,416,,CHONGQING,,,19750125,TMAX,95,,,s,
CHM00057516,29.583,106.467,416,,CHONGQING,,,19750718,TMIN,259,,,s,
CHM00057516,29.583,106.467,416,,CHONGQING,,,19750125,TMIN,69,,,s,
CHM00057516,29.583,106.467,416,,CHONGQING,,,19750718,PRCP,0,,,s,
CHM00057516,29.583,106.467,416,,CHONGQING,,,19750125,PRCP,10,,,s,
CHM00057516,29.583,106.467,416,,CHONGQING,,,19750718,TAVG,320,,,s,
CHM00057516,29.583,106.467,416,,CHONGQING,,,19750125,TAVG,86,,,s,
CHM00057516,29.583,106.467,416,,CHONGQING,,,19750719,TMAX,337,,,s,
CHM00057516,29.583,106.467,416,,CHONGQING,,,19750126,TMAX,118,,,s,
CHM00057516,29.583,106.467,416,,CHONGQING,,,19750719,TMIN,253,,,s,
CHM00057516,29.583,106.467,416,,CHONGQING,,,19750126,TMIN,73,,,s,
CHM00057516,29.583,106.467,416,,CHONGQING,,,19750719,PRCP,16,,,s,
CHM00057516,29.583,106.467,416,,CHONGQING,,,19750126,PRCP,12,,,s,
CHM00057516,29.583,106.467,416,,CHONGQING,,,19750719,TAVG,289,,,s,
CHM00057516,29.583,106.467,416,,CHONGQING,,,19750126,TAVG,91,,,s,
CHM00057516,29.583,106.467,416,,CHONGQING,,,19750720,TMAX,371,,,s,
CHM00057516,29.583,106.467,416,,CHONGQING,,,19750127,TMAX,123,,,s,
CHM00057516,29.583,106.467,416,,CHONGQING,,,19750720,TMIN,258,,,s,
CHM00057516,29.583,106.467,416,,CHONGQING,,,19750127,TMIN,60,,,s,
CHM00057516,29.583,106.467,416,,CHONGQING,,,19750720,PRCP,0,,,s,
CHM00057516,29.583,106.467,416,,CHONGQING,,,19750127,PRCP,0,,,s,
CHM00057516,29.583,106.467,416,,CHONGQING,,,19750720,TAVG,307,,,s,
CHM00057516,29.583,106.467,416,,CHONGQING,,,19750127,TAVG,88,,,s,
CHM00057516,29.583,106.467,416,,CHONGQING,,,19750721,TMAX,377,,,s,
CHM00057516,29.583,106.467,416,,CHONGQING,,,19750128,TMAX,97,,,s,
CHM00057516,29.583,106.467,416,,CHONGQING,,,19750721,TMIN,266,,,s,
CHM00057516,29.583,106.467,416,,CHONGQING,,,19750128,TMIN,35,,,s,
CHM00057516,29.583,106.467,416,,CHONGQING,,,19750721,PRCP,0,,,s,
CHM00057516,29.583,106.467,416,,CHONGQING,,,19750128,PRCP,0,T,,s,
CHM00057516,29.583,106.467,416,,CHONGQING,,,19750721,TAVG,321,,,s,
CHM00057516,29.583,106.467,416,,CHONGQING,,,19750128,TAVG,73,,,s,
CHM00057516,29.583,106.467,416,,CHONGQING,,,19750722,TMAX,366,,,s,
CHM00057516,29.583,106.467,416,,CHONGQING,,,19750129,TMAX,128,,,s,
CHM00057516,29.583,106.467,416,,CHONGQING,,,19750722,TMIN,273,,,s,
CHM00057516,29.583,106.467,416,,CHONGQING,,,19750129,TMIN,74,,,s,
CHM00057516,29.583,106.467,416,,CHONGQING,,,19750722,PRCP,0,,,s,
CHM00057516,29.583,106.467,416,,CHONGQING,,,19750129,PRCP,5,,,s,
CHM00057516,29.583,106.467,416,,CHONGQING,,,19750722,TAVG,314,,,s,
CHM00057516,29.583,106.467,416,,CHONGQING,,,19750129,TAVG,98,,,s,
CHM00057516,29.583,106.467,416,,CHONGQING,,,19750723,TMAX,345,,,s,
CHM00057516,29.583,106.467,416,,CHONGQING,,,19750130,TMAX,110,,,s,
CHM00057516,29.583,106.467,416,,CHONGQING,,,19750723,TMIN,231,,,s,
CHM00057516,29.583,106.467,416,,CHONGQING,,,19750130,TMIN,52,,,s,
CHM00057516,29.583,106.467,416,,CHONGQING,,,19750723,PRCP,42,,,s,
CHM00057516,29.583,106.467,416,,CHONGQING,,,19750130,PRCP,0,T,,s,
CHM00057516,29.583,106.467,416,,CHONGQING,,,19750723,TAVG,275,,,s,
CHM00057516,29.583,106.467,416,,CHONGQING,,,19750130,TAVG,80,,,s,
CHM00057516,29.583,106.467,416,,CHONGQING,,,19750724,TMAX,365,,,s,
CHM00057516,29.583,106.467,416,,CHONGQING,,,19750131,TMAX,101,,,s,
CHM00057516,29.583,106.467,416,,CHONGQING,,,19750724,TMIN,252,,,s,
CHM00057516,29.583,106.467,416,,CHONGQING,,,19750131,TMIN,77,,,s,
CHM00057516,29.583,106.467,416,,CHONGQING,,,19750724,PRCP,0,T,,s,
CHM00057516,29.583,106.467,416,,CHONGQING,,,19750131,PRCP,0,,,s,
CHM00057516,29.583,106.467,416,,CHONGQING,,,19750724,TAVG,304,,,s,
CHM00057516,29.583,106.467,416,,CHONGQING,,,19750131,TAVG,89,,,s,
CHM00057516,29.583,106.467,416,,CHONGQING,,,19750725,TMAX,377,,,s,
CHM00057516,29.583,106.467,416,,CHONGQING,,,19750201,TMAX,139,,,s,
CHM00057516,29.583,106.467,416,,CHONGQING,,,19750725,TMIN,267,,,s,
CHM00057516,29.583,106.467,416,,CHONGQING,,,19750201,TMIN,69,,,s,
CHM00057516,29.583,106.467,416,,CHONGQING,,,19750725,PRCP,0,,,s,
CHM00057516,29.583,106.467,416,,CHONGQING,,,19750201,PRCP,0,,,s,
CHM00057516,29.583,106.467,416,,CHONGQING,,,19750725,TAVG,318,,,s,
CHM00057516,29.583,106.467,416,,CHONGQING,,,19750201,TAVG,102,,,s,
CHM00057516,29.583,106.467,416,,CHONGQING,,,19750726,TMAX,352,,,s,
CHM00057516,29.583,106.467,416,,CHONGQING,,,19750202,TMAX,128,,,s,
CHM00057516,29.583,106.467,416,,CHONGQING,,,19750726,TMIN,264,,,s,
CHM00057516,29.583,106.467,416,,CHONGQING,,,19750202,TMIN,88,,,s,
CHM00057516,29.583,106.467,416,,CHONGQING,,,19750726,PRCP,53,,,s,
CHM00057516,29.583,106.467,416,,CHONGQING,,,19750202,PRCP,0,,,s,
CHM00057516,29.583,106.467,416,,CHONGQING,,,19750726,TAVG,304,,,s,
CHM00057516,29.583,106.467,416,,CHONGQING,,,19750202,TAVG,106,,,s,
CHM00057516,29.583,106.467,416,,CHONGQING,,,19750727,TMAX,355,,,s,
CHM00057516,29.583,106.467,416,,CHONGQING,,,19750203,TMAX,108,,,s,
CHM00057516,29.583,106.467,416,,CHONGQING,,,19750727,TMIN,246,,,s,
CHM00057516,29.583,106.467,416,,CHONGQING,,,19750203,TMIN,81,,,s,
CHM00057516,29.583,106.467,416,,CHONGQING,,,19750727,PRCP,0,,,s,
CHM00057516,29.583,106.467,416,,CHONGQING,,,19750203,PRCP,2,,,s,
CHM00057516,29.583,106.467,416,,CHONGQING,,,19750727,TAVG,289,,,s,
CHM00057516,29.583,106.467,416,,CHONGQING,,,19750203,TAVG,91,,,s,
CHM00057516,29.583,106.467,416,,CHONGQING,,,19750728,TMAX,375,,,s,
CHM00057516,29.583,106.467,416,,CHONGQING,,,19750204,TMAX,116,,,s,
CHM00057516,29.583,106.467,416,,CHONGQING,,,19750728,TMIN,265,,,s,
CHM00057516,29.583,106.467,416,,CHONGQING,,,19750204,TMIN,75,,,s,
CHM00057516,29.583,106.467,416,,CHONGQING,,,19750728,PRCP,0,,,s,
CHM00057516,29.583,106.467,416,,CHONGQING,,,19750204,PRCP,1,,,s,
CHM00057516,29.583,106.467,416,,CHONGQING,,,19750728,TAVG,321,,,s,
CHM00057516,29.583,106.467,416,,CHONGQING,,,19750204,TAVG,93,,,s,
CHM00057516,29.583,106.467,416,,CHONGQING,,,19750729,TMAX,370,,,s,
CHM00057516,29.583,106.467,416,,CHONGQING,,,19750205,TMAX,172,,,s,
CHM00057516,29.583,106.467,416,,CHONGQING,,,19750729,TMIN,276,,,s,
CHM00057516,29.583,106.467,416,,CHONGQING,,,19750205,TMIN,87,,,s,
CHM00057516,29.583,106.467,416,,CHONGQING,,,19750729,PRCP,0,,,s,
CHM00057516,29.583,106.467,416,,CHONGQING,,,19750205,PRCP,0,,,s,
CHM00057516,29.583,106.467,416,,CHONGQING,,,19750729,TAVG,316,,,s,
CHM00057516,29.583,106.467,416,,CHONGQING,,,19750205,TAVG,121,,,s,
CHM00057516,29.583,106.467,416,,CHONGQING,,,19750730,TMAX,342,,,s,
CHM00057516,29.583,106.467,416,,CHONGQING,,,19750206,TMAX,129,,,s,
CHM00057516,29.583,106.467,416,,CHONGQING,,,19750730,TMIN,236,,,s,
CHM00057516,29.583,106.467,416,,CHONGQING,,,19750206,TMIN,98,,,s,
CHM00057516,29.583,106.467,416,,CHONGQING,,,19750730,PRCP,27,,,s,
CHM00057516,29.583,106.467,416,,CHONGQING,,,19750206,PRCP,7,,,s,
CHM00057516,29.583,106.467,416,,CHONGQING,,,19750730,TAVG,290,,,s,
CHM00057516,29.583,106.467,416,,CHONGQING,,,19750206,TAVG,110,,,s,
CHM00057516,29.583,106.467,416,,CHONGQING,,,19750731,TMAX,371,,,s,
CHM00057516,29.583,106.467,416,,CHONGQING,,,19750207,TMAX,107,,,s,
CHM00057516,29.583,106.467,416,,CHONGQING,,,19750731,TMIN,263,,,s,
CHM00057516,29.583,106.467,416,,CHONGQING,,,19750207,TMIN,72,,,s,
CHM00057516,29.583,106.467,416,,CHONGQING,,,19750731,PRCP,0,,,s,
CHM00057516,29.583,106.467,416,,CHONGQING,,,19750207,PRCP,8,,,s,
CHM00057516,29.583,106.467,416,,CHONGQING,,,19750731,TAVG,307,,,s,
CHM00057516,29.583,106.467,416,,CHONGQING,,,19750207,TAVG,86,,,s,
CHM00057516,29.583,106.467,416,,CHONGQING,,,19750801,TMAX,337,,,s,
CHM00057516,29.583,106.467,416,,CHONGQING,,,19750208,TMAX,84,,,s,
CHM00057516,29.583,106.467,416,,CHONGQING,,,19750801,TMIN,262,,,s,
CHM00057516,29.583,106.467,416,,CHONGQING,,,19750208,TMIN,67,,,s,
CHM00057516,29.583,106.467,416,,CHONGQING,,,19750801,PRCP,8,,,s,
CHM00057516,29.583,106.467,416,,CHONGQING,,,19750208,PRCP,0,T,,s,
CHM00057516,29.583,106.467,416,,CHONGQING,,,19750801,TAVG,292,,,s,
CHM00057516,29.583,106.467,416,,CHONGQING,,,19750208,TAVG,74,,,s,
CHM00057516,29.583,106.467,416,,CHONGQING,,,19750802,TMAX,317,,,s,
CHM00057516,29.583,106.467,416,,CHONGQING,,,19750209,TMAX,120,,,s,
CHM00057516,29.583,106.467,416,,CHONGQING,,,19750802,TMIN,255,,,s,
CHM00057516,29.583,106.467,416,,CHONGQING,,,19750209,TMIN,63,,,s,
CHM00057516,29.583,106.467,416,,CHONGQING,,,19750802,PRCP,0,,,s,
CHM00057516,29.583,106.467,416,,CHONGQING,,,19750209,PRCP,5,,,s,
CHM00057516,29.583,106.467,416,,CHONGQING,,,19750802,TAVG,277,,,s,
CHM00057516,29.583,106.467,416,,CHONGQING,,,19750209,TAVG,89,,,s,
CHM00057516,29.583,106.467,416,,CHONGQING,,,19750803,TMAX,355,,,s,
CHM00057516,29.583,106.467,416,,CHONGQING,,,19750210,TMAX,95,,,s,
CHM00057516,29.583,106.467,416,,CHONGQING,,,19750803,TMIN,263,,,s,
CHM00057516,29.583,106.467,416,,CHONGQING,,,19750210,TMIN,67,,,s,
CHM00057516,29.583,106.467,416,,CHONGQING,,,19750803,PRCP,0,,,s,
CHM00057516,29.583,106.467,416,,CHONGQING,,,19750210,PRCP,93,,,s,
CHM00057516,29.583,106.467,416,,CHONGQING,,,19750803,TAVG,292,,,s,
CHM00057516,29.583,106.467,416,,CHONGQING,,,19750210,TAVG,81,,,s,
CHM00057516,29.583,106.467,416,,CHONGQING,,,19750804,TMAX,371,,,s,
CHM00057516,29.583,106.467,416,,CHONGQING,,,19750211,TMAX,98,,,s,
CHM00057516,29.583,106.467,416,,CHONGQING,,,19750804,TMIN,252,,,s,
CHM00057516,29.583,106.467,416,,CHONGQING,,,19750211,TMIN,65,,,s,
CHM00057516,29.583,106.467,416,,CHONGQING,,,19750804,PRCP,0,,,s,
CHM00057516,29.583,106.467,416,,CHONGQING,,,19750211,PRCP,28,,,s,
CHM00057516,29.583,106.467,416,,CHONGQING,,,19750804,TAVG,305,,,s,
CHM00057516,29.583,106.467,416,,CHONGQING,,,19750211,TAVG,79,,,s,
CHM00057516,29.583,106.467,416,,CHONGQING,,,19750805,TMAX,381,,,s,
CHM00057516,29.583,106.467,416,,CHONGQING,,,19750212,TMAX,100,,,s,
CHM00057516,29.583,106.467,416,,CHONGQING,,,19750805,TMIN,262,,,s,
CHM00057516,29.583,106.467,416,,CHONGQING,,,19750212,TMIN,70,,,s,
CHM00057516,29.583,106.467,416,,CHONGQING,,,19750805,PRCP,0,,,s,
CHM00057516,29.583,106.467,416,,CHONGQING,,,19750212,PRCP,18,,,s,
CHM00057516,29.583,106.467,416,,CHONGQING,,,19750805,TAVG,322,,,s,
CHM00057516,29.583,106.467,416,,CHONGQING,,,19750212,TAVG,83,,,s,
CHM00057516,29.583,106.467,416,,CHONGQING,,,19750806,TMAX,396,,,s,
CHM00057516,29.583,106.467,416,,CHONGQING,,,19750213,TMAX,100,,,s,
CHM00057516,29.583,106.467,416,,CHONGQING,,,19750806,TMIN,273,,,s,
CHM00057516,29.583,106.467,416,,CHONGQING,,,19750213,TMIN,68,,,s,
CHM00057516,29.583,106.467,416,,CHONGQING,,,19750806,PRCP,0,,,s,
CHM00057516,29.583,106.467,416,,CHONGQING,,,19750213,PRCP,50,,,s,
CHM00057516,29.583,106.467,416,,CHONGQING,,,19750806,TAVG,332,,,s,
CHM00057516,29.583,106.467,416,,CHONGQING,,,19750213,TAVG,83,,,s,
CHM00057516,29.583,106.467,416,,CHONGQING,,,19750807,TMAX,377,,,s,
CHM00057516,29.583,106.467,416,,CHONGQING,,,19750214,TMAX,132,,,s,
CHM00057516,29.583,106.467,416,,CHONGQING,,,19750807,TMIN,261,,,s,
CHM00057516,29.583,106.467,416,,CHONGQING,,,19750214,TMIN,56,,,s,
CHM00057516,29.583,106.467,416,,CHONGQING,,,19750807,PRCP,7,,,s,
CHM00057516,29.583,106.467,416,,CHONGQING,,,19750214,PRCP,1,,,s,
CHM00057516,29.583,106.467,416,,CHONGQING,,,19750807,TAVG,293,,,s,
CHM00057516,29.583,106.467,416,,CHONGQING,,,19750214,TAVG,91,,,s,
CHM00057516,29.583,106.467,416,,CHONGQING,,,19750808,TMAX,351,,,s,
CHM00057516,29.583,106.467,416,,CHONGQING,,,19750215,TMAX,116,,,s,
CHM00057516,29.583,106.467,416,,CHONGQING,,,19750808,TMIN,245,,,s,
CHM00057516,29.583,106.467,416,,CHONGQING,,,19750215,TMIN,89,,,s,
CHM00057516,29.583,106.467,416,,CHONGQING,,,19750808,PRCP,81,,,s,
CHM00057516,29.583,106.467,416,,CHONGQING,,,19750215,PRCP,7,,,s,
CHM00057516,29.583,106.467,416,,CHONGQING,,,19750808,TAVG,282,,,s,
CHM00057516,29.583,106.467,416,,CHONGQING,,,19750215,TAVG,102,,,s,
CHM00057516,29.583,106.467,416,,CHONGQING,,,19750809,TMAX,324,,,s,
CHM00057516,29.583,106.467,416,,CHONGQING,,,19750216,TMAX,128,,,s,
CHM00057516,29.583,106.467,416,,CHONGQING,,,19750809,TMIN,249,,,s,
CHM00057516,29.583,106.467,416,,CHONGQING,,,19750216,TMIN,85,,,s,
CHM00057516,29.583,106.467,416,,CHONGQING,,,19750809,PRCP,0,T,,s,
CHM00057516,29.583,106.467,416,,CHONGQING,,,19750216,PRCP,0,,,s,
CHM00057516,29.583,106.467,416,,CHONGQING,,,19750809,TAVG,278,,,s,
CHM00057516,29.583,106.467,416,,CHONGQING,,,19750216,TAVG,106,,,s,
CHM00057516,29.583,106.467,416,,CHONGQING,,,19750810,TMAX,361,,,s,
CHM00057516,29.583,106.467,416,,CHONGQING,,,19750217,TMAX,113,,,s,
CHM00057516,29.583,106.467,416,,CHONGQING,,,19750810,TMIN,243,,,s,
CHM00057516,29.583,106.467,416,,CHONGQING,,,19750217,TMIN,89,,,s,
CHM00057516,29.583,106.467,416,,CHONGQING,,,19750810,PRCP,190,,,s,
CHM00057516,29.583,106.467,416,,CHONGQING,,,19750217,PRCP,2,,,s,
CHM00057516,29.583,106.467,416,,CHONGQING,,,19750810,TAVG,293,,,s,
CHM00057516,29.583,106.467,416,,CHONGQING,,,19750217,TAVG,102,,,s,
CHM00057516,29.583,106.467,416,,CHONGQING,,,19750811,TMAX,330,,,s,
CHM00057516,29.583,106.467,416,,CHONGQING,,,19750218,TMAX,106,,,s,
CHM00057516,29.583,106.467,416,,CHONGQING,,,19750811,TMIN,223,,,s,
CHM00057516,29.583,106.467,416,,CHONGQING,,,19750218,TMIN,85,,,s,
CHM00057516,29.583,106.467,416,,CHONGQING,,,19750811,PRCP,442,,,s,
CHM00057516,29.583,106.467,416,,CHONGQING,,,19750218,PRCP,32,,,s,
CHM00057516,29.583,106.467,416,,CHONGQING,,,19750811,TAVG,274,,,s,
CHM00057516,29.583,106.467,416,,CHONGQING,,,19750218,TAVG,96,,,s,
CHM00057516,29.583,106.467,416,,CHONGQING,,,19750812,TMAX,334,,,s,
CHM00057516,29.583,106.467,416,,CHONGQING,,,19750219,TMAX,118,,,s,
CHM00057516,29.583,106.467,416,,CHONGQING,,,19750812,TMIN,226,,,s,
CHM00057516,29.583,106.467,416,,CHONGQING,,,19750219,TMIN,85,,,s,
CHM00057516,29.583,106.467,416,,CHONGQING,,,19750812,PRCP,378,,,s,
CHM00057516,29.583,106.467,416,,CHONGQING,,,19750219,PRCP,2,,,s,
CHM00057516,29.583,106.467,416,,CHONGQING,,,19750812,TAVG,289,,,s,
CHM00057516,29.583,106.467,416,,CHONGQING,,,19750219,TAVG,100,,,s,
CHM00057516,29.583,106.467,416,,CHONGQING,,,19750813,TMAX,295,,,s,
CHM00057516,29.583,106.467,416,,CHONGQING,,,19750220,TMAX,145,,,s,
CHM00057516,29.583,106.467,416,,CHONGQING,,,19750813,TMIN,236,,,s,
CHM00057516,29.583,106.467,416,,CHONGQING,,,19750220,TMIN,90,,,s,
CHM00057516,29.583,106.467,416,,CHONGQING,,,19750813,PRCP,89,,,s,
CHM00057516,29.583,106.467,416,,CHONGQING,,,19750220,PRCP,0,,,s,
CHM00057516,29.583,106.467,416,,CHONGQING,,,19750813,TAVG,252,,,s,
CHM00057516,29.583,106.467,416,,CHONGQING,,,19750220,TAVG,113,,,s,
CHM00057516,29.583,106.467,416,,CHONGQING,,,19750814,TMAX,341,,,s,
CHM00057516,29.583,106.467,416,,CHONGQING,,,19750221,TMAX,130,,,s,
CHM00057516,29.583,106.467,416,,CHONGQING,,,19750814,TMIN,236,,,s,
CHM00057516,29.583,106.467,416,,CHONGQING,,,19750221,TMIN,103,,,s,
CHM00057516,29.583,106.467,416,,CHONGQING,,,19750814,PRCP,0,,,s,
CHM00057516,29.583,106.467,416,,CHONGQING,,,19750221,PRCP,0,,,s,
CHM00057516,29.583,106.467,416,,CHONGQING,,,19750814,TAVG,283,,,s,
CHM00057516,29.583,106.467,416,,CHONGQING,,,19750221,TAVG,113,,,s,
CHM00057516,29.583,106.467,416,,CHONGQING,,,19750815,TMAX,356,,,s,
CHM00057516,29.583,106.467,416,,CHONGQING,,,19750222,TMAX,125,,,s,
CHM00057516,29.583,106.467,416,,CHONGQING,,,19750815,TMIN,258,,,s,
CHM00057516,29.583,106.467,416,,CHONGQING,,,19750222,TMIN,91,,,s,
CHM00057516,29.583,106.467,416,,CHONGQING,,,19750815,PRCP,0,,,s,
CHM00057516,29.583,106.467,416,,CHONGQING,,,19750222,PRCP,0,,,s,
CHM00057516,29.583,106.467,416,,CHONGQING,,,19750815,TAVG,303,,,s,
CHM00057516,29.583,106.467,416,,CHONGQING,,,19750222,TAVG,106,,,s,
CHM00057516,29.583,106.467,416,,CHONGQING,,,19750816,TMAX,364,,,s,
CHM00057516,29.583,106.467,416,,CHONGQING,,,19750223,TMAX,121,,,s,
CHM00057516,29.583,106.467,416,,CHONGQING,,,19750816,TMIN,246,,,s,
CHM00057516,29.583,106.467,416,,CHONGQING,,,19750223,TMIN,86,,,s,
CHM00057516,29.583,106.467,416,,CHONGQING,,,19750816,PRCP,0,,,s,
CHM00057516,29.583,106.467,416,,CHONGQING,,,19750223,PRCP,0,,,s,
CHM00057516,29.583,106.467,416,,CHONGQING,,,19750816,TAVG,299,,,s,
CHM00057516,29.583,106.467,416,,CHONGQING,,,19750223,TAVG,101,,,s,
CHM00057516,29.583,106.467,416,,CHONGQING,,,19750817,TMAX,370,,,s,
CHM00057516,29.583,106.467,416,,CHONGQING,,,19750224,TMAX,159,,,s,
CHM00057516,29.583,106.467,416,,CHONGQING,,,19750817,TMIN,241,,,s,
CHM00057516,29.583,106.467,416,,CHONGQING,,,19750224,TMIN,76,,,s,
CHM00057516,29.583,106.467,416,,CHONGQING,,,19750817,PRCP,0,,,s,
CHM00057516,29.583,106.467,416,,CHONGQING,,,19750224,PRCP,0,,,s,
CHM00057516,29.583,106.467,416,,CHONGQING,,,19750817,TAVG,298,,,s,
CHM00057516,29.583,106.467,416,,CHONGQING,,,19750224,TAVG,112,,,s,
CHM00057516,29.583,106.467,416,,CHONGQING,,,19750818,TMAX,370,,,s,
CHM00057516,29.583,106.467,416,,CHONGQING,,,19750225,TMAX,160,,,s,
CHM00057516,29.583,106.467,416,,CHONGQING,,,19750818,TMIN,250,,,s,
CHM00057516,29.583,106.467,416,,CHONGQING,,,19750225,TMIN,82,,,s,
CHM00057516,29.583,106.467,416,,CHONGQING,,,19750818,PRCP,0,,,s,
CHM00057516,29.583,106.467,416,,CHONGQING,,,19750225,PRCP,0,,,s,
CHM00057516,29.583,106.467,416,,CHONGQING,,,19750818,TAVG,301,,,s,
CHM00057516,29.583,106.467,416,,CHONGQING,,,19750225,TAVG,121,,,s,
CHM00057516,29.583,106.467,416,,CHONGQING,,,19750819,TMAX,367,,,s,
CHM00057516,29.583,106.467,416,,CHONGQING,,,19750226,TMAX,165,,,s,
CHM00057516,29.583,106.467,416,,CHONGQING,,,19750819,TMIN,259,,,s,
CHM00057516,29.583,106.467,416,,CHONGQING,,,19750226,TMIN,116,,,s,
CHM00057516,29.583,106.467,416,,CHONGQING,,,19750819,PRCP,0,T,,s,
CHM00057516,29.583,106.467,416,,CHONGQING,,,19750226,PRCP,0,,,s,
CHM00057516,29.583,106.467,416,,CHONGQING,,,19750819,TAVG,305,,,s,
CHM00057516,29.583,106.467,416,,CHONGQING,,,19750226,TAVG,135,,,s,
CHM00057516,29.583,106.467,416,,CHONGQING,,,19750820,TMAX,320,,,s,
CHM00057516,29.583,106.467,416,,CHONGQING,,,19750227,TMAX,161,,,s,
CHM00057516,29.583,106.467,416,,CHONGQING,,,19750820,TMIN,251,,,s,
CHM00057516,29.583,106.467,416,,CHONGQING,,,19750227,TMIN,113,,,s,
CHM00057516,29.583,106.467,416,,CHONGQING,,,19750820,PRCP,0,T,,s,
CHM00057516,29.583,106.467,416,,CHONGQING,,,19750227,PRCP,0,,,s,
CHM00057516,29.583,106.467,416,,CHONGQING,,,19750820,TAVG,277,,,s,
CHM00057516,29.583,106.467,416,,CHONGQING,,,19750227,TAVG,133,,,s,
CHM00057516,29.583,106.467,416,,CHONGQING,,,19750821,TMAX,365,,,s,
CHM00057516,29.583,106.467,416,,CHONGQING,,,19750228,TMAX,188,,,s,
CHM00057516,29.583,106.467,416,,CHONGQING,,,19750821,TMIN,250,,,s,
CHM00057516,29.583,106.467,416,,CHONGQING,,,19750228,TMIN,110,,,s,
CHM00057516,29.583,106.467,416,,CHONGQING,,,19750821,PRCP,0,,,s,
CHM00057516,29.583,106.467,416,,CHONGQING,,,19750228,PRCP,0,,,s,
CHM00057516,29.583,106.467,416,,CHONGQING,,,19750821,TAVG,298,,,s,
CHM00057516,29.583,106.467,416,,CHONGQING,,,19750228,TAVG,142,,,s,
CHM00057516,29.583,106.467,416,,CHONGQING,,,19750822,TMAX,366,,,s,
CHM00057516,29.583,106.467,416,,CHONGQING,,,19750301,TMAX,177,,,s,
CHM00057516,29.583,106.467,416,,CHONGQING,,,19750822,TMIN,261,,,s,
CHM00057516,29.583,106.467,416,,CHONGQING,,,19750301,TMIN,128,,,s,
CHM00057516,29.583,106.467,416,,CHONGQING,,,19750822,PRCP,0,,,s,
CHM00057516,29.583,106.467,416,,CHONGQING,,,19750301,PRCP,0,,,s,
CHM00057516,29.583,106.467,416,,CHONGQING,,,19750822,TAVG,308,,,s,
CHM00057516,29.583,106.467,416,,CHONGQING,,,19750301,TAVG,148,,,s,
CHM00057516,29.583,106.467,416,,CHONGQING,,,19750823,TMAX,380,,,s,
CHM00057516,29.583,106.467,416,,CHONGQING,,,19750302,TMAX,182,,,s,
CHM00057516,29.583,106.467,416,,CHONGQING,,,19750823,TMIN,271,,,s,
CHM00057516,29.583,106.467,416,,CHONGQING,,,19750302,TMIN,127,,,s,
CHM00057516,29.583,106.467,416,,CHONGQING,,,19750823,PRCP,1,,,s,
CHM00057516,29.583,106.467,416,,CHONGQING,,,19750302,PRCP,0,,,s,
CHM00057516,29.583,106.467,416,,CHONGQING,,,19750823,TAVG,305,,,s,
CHM00057516,29.583,106.467,416,,CHONGQING,,,19750302,TAVG,150,,,s,
CHM00057516,29.583,106.467,416,,CHONGQING,,,19750824,TMAX,376,,,s,
CHM00057516,29.583,106.467,416,,CHONGQING,,,19750303,TMAX,195,,,s,
CHM00057516,29.583,106.467,416,,CHONGQING,,,19750824,TMIN,266,,,s,
CHM00057516,29.583,106.467,416,,CHONGQING,,,19750303,TMIN,117,,,s,
CHM00057516,29.583,106.467,416,,CHONGQING,,,19750824,PRCP,4,,,s,
CHM00057516,29.583,106.467,416,,CHONGQING,,,19750303,PRCP,0,,,s,
CHM00057516,29.583,106.467,416,,CHONGQING,,,19750824,TAVG,311,,,s,
CHM00057516,29.583,106.467,416,,CHONGQING,,,19750303,TAVG,159,,,s,
CHM00057516,29.583,106.467,416,,CHONGQING,,,19750825,TMAX,385,,,s,
CHM00057516,29.583,106.467,416,,CHONGQING,,,19750304,TMAX,172,,,s,
CHM00057516,29.583,106.467,416,,CHONGQING,,,19750825,TMIN,268,,,s,
CHM00057516,29.583,106.467,416,,CHONGQING,,,19750304,TMIN,120,,,s,
CHM00057516,29.583,106.467,416,,CHONGQING,,,19750825,PRCP,0,,,s,
CHM00057516,29.583,106.467,416,,CHONGQING,,,19750304,PRCP,6,,,s,
CHM00057516,29.583,106.467,416,,CHONGQING,,,19750825,TAVG,319,,,s,
CHM00057516,29.583,106.467,416,,CHONGQING,,,19750304,TAVG,136,,,s,
CHM00057516,29.583,106.467,416,,CHONGQING,,,19750826,TMAX,362,,,s,
CHM00057516,29.583,106.467,416,,CHONGQING,,,19750305,TMAX,197,,,s,
CHM00057516,29.583,106.467,416,,CHONGQING,,,19750826,TMIN,234,,,s,
CHM00057516,29.583,106.467,416,,CHONGQING,,,19750305,TMIN,107,,,s,
CHM00057516,29.583,106.467,416,,CHONGQING,,,19750826,PRCP,46,,,s,
CHM00057516,29.583,106.467,416,,CHONGQING,,,19750305,PRCP,0,,,s,
CHM00057516,29.583,106.467,416,,CHONGQING,,,19750826,TAVG,303,,,s,
CHM00057516,29.583,106.467,416,,CHONGQING,,,19750305,TAVG,146,,,s,
CHM00057516,29.583,106.467,416,,CHONGQING,,,19750827,TMAX,301,,,s,
CHM00057516,29.583,106.467,416,,CHONGQING,,,19750306,TMAX,163,,,s,
CHM00057516,29.583,106.467,416,,CHONGQING,,,19750827,TMIN,235,,,s,
CHM00057516,29.583,106.467,416,,CHONGQING,,,19750306,TMIN,114,,,s,
CHM00057516,29.583,106.467,416,,CHONGQING,,,19750827,PRCP,6,,,s,
CHM00057516,29.583,106.467,416,,CHONGQING,,,19750306,PRCP,5,,,s,
CHM00057516,29.583,106.467,416,,CHONGQING,,,19750827,TAVG,259,,,s,
CHM00057516,29.583,106.467,416,,CHONGQING,,,19750306,TAVG,132,,,s,
CHM00057516,29.583,106.467,416,,CHONGQING,,,19750828,TMAX,350,,,s,
CHM00057516,29.583,106.467,416,,CHONGQING,,,19750307,TMAX,121,,,s,
CHM00057516,29.583,106.467,416,,CHONGQING,,,19750828,TMIN,253,,,s,
CHM00057516,29.583,106.467,416,,CHONGQING,,,19750307,TMIN,108,,,s,
CHM00057516,29.583,106.467,416,,CHONGQING,,,19750828,PRCP,0,,,s,
CHM00057516,29.583,106.467,416,,CHONGQING,,,19750307,PRCP,0,T,,s,
CHM00057516,29.583,106.467,416,,CHONGQING,,,19750828,TAVG,295,,,s,
CHM00057516,29.583,106.467,416,,CHONGQING,,,19750307,TAVG,115,,,s,
CHM00057516,29.583,106.467,416,,CHONGQING,,,19750829,TMAX,367,,,s,
CHM00057516,29.583,106.467,416,,CHONGQING,,,19750308,TMAX,136,,,s,
CHM00057516,29.583,106.467,416,,CHONGQING,,,19750829,TMIN,257,,,s,
CHM00057516,29.583,106.467,416,,CHONGQING,,,19750308,TMIN,87,,,s,
CHM00057516,29.583,106.467,416,,CHONGQING,,,19750829,PRCP,0,,,s,
CHM00057516,29.583,106.467,416,,CHONGQING,,,19750308,PRCP,0,,,s,
CHM00057516,29.583,106.467,416,,CHONGQING,,,19750829,TAVG,310,,,s,
CHM00057516,29.583,106.467,416,,CHONGQING,,,19750308,TAVG,111,,,s,
CHM00057516,29.583,106.467,416,,CHONGQING,,,19750830,TMAX,377,,,s,
CHM00057516,29.583,106.467,416,,CHONGQING,,,19750309,TMAX,180,,,s,
CHM00057516,29.583,106.467,416,,CHONGQING,,,19750830,TMIN,262,,,s,
CHM00057516,29.583,106.467,416,,CHONGQING,,,19750309,TMIN,102,,,s,
CHM00057516,29.583,106.467,416,,CHONGQING,,,19750830,PRCP,0,,,s,
CHM00057516,29.583,106.467,416,,CHONGQING,,,19750309,PRCP,0,,,s,
CHM00057516,29.583,106.467,416,,CHONGQING,,,19750830,TAVG,318,,,s,
CHM00057516,29.583,106.467,416,,CHONGQING,,,19750309,TAVG,133,,,s,
CHM00057516,29.583,106.467,416,,CHONGQING,,,19750831,TMAX,367,,,s,
CHM00057516,29.583,106.467,416,,CHONGQING,,,19750310,TMAX,194,,,s,
CHM00057516,29.583,106.467,416,,CHONGQING,,,19750831,TMIN,266,,,s,
CHM00057516,29.583,106.467,416,,CHONGQING,,,19750310,TMIN,118,,,s,
CHM00057516,29.583,106.467,416,,CHONGQING,,,19750831,PRCP,0,,,s,
CHM00057516,29.583,106.467,416,,CHONGQING,,,19750310,PRCP,0,,,s,
CHM00057516,29.583,106.467,416,,CHONGQING,,,19750831,TAVG,317,,,s,
CHM00057516,29.583,106.467,416,,CHONGQING,,,19750310,TAVG,152,,,s,
CHM00057516,29.583,106.467,416,,CHONGQING,,,19750901,TMAX,366,,,s,
CHM00057516,29.583,106.467,416,,CHONGQING,,,19750311,TMAX,208,,,s,
CHM00057516,29.583,106.467,416,,CHONGQING,,,19750901,TMIN,256,,,s,
CHM00057516,29.583,106.467,416,,CHONGQING,,,19750311,TMIN,131,,,s,
CHM00057516,29.583,106.467,416,,CHONGQING,,,19750901,PRCP,0,,,s,
CHM00057516,29.583,106.467,416,,CHONGQING,,,19750311,PRCP,6,,,s,
CHM00057516,29.583,106.467,416,,CHONGQING,,,19750901,TAVG,310,,,s,
CHM00057516,29.583,106.467,416,,CHONGQING,,,19750311,TAVG,162,,,s,
CHM00057516,29.583,106.467,416,,CHONGQING,,,19750902,TMAX,370,,,s,
CHM00057516,29.583,106.467,416,,CHONGQING,,,19750312,TMAX,183,,,s,
CHM00057516,29.583,106.467,416,,CHONGQING,,,19750902,TMIN,268,,,s,
CHM00057516,29.583,106.467,416,,CHONGQING,,,19750312,TMIN,135,,,s,
CHM00057516,29.583,106.467,416,,CHONGQING,,,19750902,PRCP,0,,,s,
CHM00057516,29.583,106.467,416,,CHONGQING,,,19750312,PRCP,2,,,s,
CHM00057516,29.583,106.467,416,,CHONGQING,,,19750902,TAVG,313,,,s,
CHM00057516,29.583,106.467,416,,CHONGQING,,,19750312,TAVG,157,,,s,
CHM00057516,29.583,106.467,416,,CHONGQING,,,19750903,TMAX,373,,,s,
CHM00057516,29.583,106.467,416,,CHONGQING,,,19750313,TMAX,160,,,s,
CHM00057516,29.583,106.467,416,,CHONGQING,,,19750903,TMIN,268,,,s,
CHM00057516,29.583,106.467,416,,CHONGQING,,,19750313,TMIN,116,,,s,
CHM00057516,29.583,106.467,416,,CHONGQING,,,19750903,PRCP,0,,,s,
CHM00057516,29.583,106.467,416,,CHONGQING,,,19750313,PRCP,3,,,s,
CHM00057516,29.583,106.467,416,,CHONGQING,,,19750903,TAVG,320,,,s,
CHM00057516,29.583,106.467,416,,CHONGQING,,,19750313,TAVG,131,,,s,
CHM00057516,29.583,106.467,416,,CHONGQING,,,19750904,TMAX,377,,,s,
CHM00057516,29.583,106.467,416,,CHONGQING,,,19750314,TMAX,128,,,s,
CHM00057516,29.583,106.467,416,,CHONGQING,,,19750904,TMIN,293,,,s,
CHM00057516,29.583,106.467,416,,CHONGQING,,,19750314,TMIN,85,,,s,
CHM00057516,29.583,106.467,416,,CHONGQING,,,19750904,PRCP,0,,,s,
CHM00057516,29.583,106.467,416,,CHONGQING,,,19750314,PRCP,136,,,s,
CHM00057516,29.583,106.467,416,,CHONGQING,,,19750904,TAVG,326,,,s,
CHM00057516,29.583,106.467,416,,CHONGQING,,,19750314,TAVG,102,,,s,
CHM00057516,29.583,106.467,416,,CHONGQING,,,19750905,TMAX,365,,,s,
CHM00057516,29.583,106.467,416,,CHONGQING,,,19750315,TMAX,160,,,s,
CHM00057516,29.583,106.467,416,,CHONGQING,,,19750905,TMIN,292,,,s,
CHM00057516,29.583,106.467,416,,CHONGQING,,,19750315,TMIN,94,,,s,
CHM00057516,29.583,106.467,416,,CHONGQING,,,19750905,PRCP,0,T,,s,
CHM00057516,29.583,106.467,416,,CHONGQING,,,19750315,PRCP,7,,,s,
CHM00057516,29.583,106.467,416,,CHONGQING,,,19750905,TAVG,324,,,s,
CHM00057516,29.583,106.467,416,,CHONGQING,,,19750315,TAVG,120,,,s,
CHM00057516,29.583,106.467,416,,CHONGQING,,,19750906,TMAX,347,,,s,
CHM00057516,29.583,106.467,416,,CHONGQING,,,19750316,TMAX,194,,,s,
CHM00057516,29.583,106.467,416,,CHONGQING,,,19750906,TMIN,240,,,s,
CHM00057516,29.583,106.467,416,,CHONGQING,,,19750316,TMIN,77,,,s,
CHM00057516,29.583,106.467,416,,CHONGQING,,,19750906,PRCP,0,,,s,
CHM00057516,29.583,106.467,416,,CHONGQING,,,19750316,PRCP,2,,,s,
CHM00057516,29.583,106.467,416,,CHONGQING,,,19750906,TAVG,284,,,s,
CHM00057516,29.583,106.467,416,,CHONGQING,,,19750316,TAVG,137,,,s,
CHM00057516,29.583,106.467,416,,CHONGQING,,,19750907,TMAX,391,,,s,
CHM00057516,29.583,106.467,416,,CHONGQING,,,19750317,TMAX,190,,,s,
CHM00057516,29.583,106.467,416,,CHONGQING,,,19750907,TMIN,247,,,s,
CHM00057516,29.583,106.467,416,,CHONGQING,,,19750317,TMIN,142,,,s,
CHM00057516,29.583,106.467,416,,CHONGQING,,,19750907,PRCP,0,,,s,
CHM00057516,29.583,106.467,416,,CHONGQING,,,19750317,PRCP,0,,,s,
CHM00057516,29.583,106.467,416,,CHONGQING,,,19750907,TAVG,313,,,s,
CHM00057516,29.583,106.467,416,,CHONGQING,,,19750317,TAVG,164,,,s,
CHM00057516,29.583,106.467,416,,CHONGQING,,,19750908,TMAX,400,,,s,
CHM00057516,29.583,106.467,416,,CHONGQING,,,19750318,TMAX,175,,,s,
CHM00057516,29.583,106.467,416,,CHONGQING,,,19750908,TMIN,254,,,s,
CHM00057516,29.583,106.467,416,,CHONGQING,,,19750318,TMIN,121,,,s,
CHM00057516,29.583,106.467,416,,CHONGQING,,,19750908,PRCP,0,,,s,
CHM00057516,29.583,106.467,416,,CHONGQING,,,19750318,PRCP,6,,,s,
CHM00057516,29.583,106.467,416,,CHONGQING,,,19750908,TAVG,322,,,s,
CHM00057516,29.583,106.467,416,,CHONGQING,,,19750318,TAVG,146,,,s,
CHM00057516,29.583,106.467,416,,CHONGQING,,,19750909,TMAX,404,,,s,
CHM00057516,29.583,106.467,416,,CHONGQING,,,19750319,TMAX,215,,,s,
CHM00057516,29.583,106.467,416,,CHONGQING,,,19750909,TMIN,253,,,s,
CHM00057516,29.583,106.467,416,,CHONGQING,,,19750319,TMIN,127,,,s,
CHM00057516,29.583,106.467,416,,CHONGQING,,,19750909,PRCP,0,,,s,
CHM00057516,29.583,106.467,416,,CHONGQING,,,19750319,PRCP,20,,,s,
CHM00057516,29.583,106.467,416,,CHONGQING,,,19750909,TAVG,327,,,s,
CHM00057516,29.583,106.467,416,,CHONGQING,,,19750319,TAVG,153,,,s,
CHM00057516,29.583,106.467,416,,CHONGQING,,,19750910,TMAX,397,,,s,
CHM00057516,29.583,106.467,416,,CHONGQING,,,19750320,TMAX,178,,,s,
CHM00057516,29.583,106.467,416,,CHONGQING,,,19750910,TMIN,266,,,s,
CHM00057516,29.583,106.467,416,,CHONGQING,,,19750320,TMIN,128,,,s,
CHM00057516,29.583,106.467,416,,CHONGQING,,,19750910,PRCP,0,,,s,
CHM00057516,29.583,106.467,416,,CHONGQING,,,19750320,PRCP,16,,,s,
CHM00057516,29.583,106.467,416,,CHONGQING,,,19750910,TAVG,325,,,s,
CHM00057516,29.583,106.467,416,,CHONGQING,,,19750320,TAVG,144,,,s,
CHM00057516,29.583,106.467,416,,CHONGQING,,,19750911,TMAX,394,,,s,
CHM00057516,29.583,106.467,416,,CHONGQING,,,19750321,TMAX,212,,,s,
CHM00057516,29.583,106.467,416,,CHONGQING,,,19750911,TMIN,270,,,s,
CHM00057516,29.583,106.467,416,,CHONGQING,,,19750321,TMIN,132,,,s,
CHM00057516,29.583,106.467,416,,CHONGQING,,,19750911,PRCP,0,,,s,
CHM00057516,29.583,106.467,416,,CHONGQING,,,19750321,PRCP,0,,,s,
CHM00057516,29.583,106.467,416,,CHONGQING,,,19750911,TAVG,320,,,s,
CHM00057516,29.583,106.467,416,,CHONGQING,,,19750321,TAVG,166,,,s,
CHM00057516,29.583,106.467,416,,CHONGQING,,,19750912,TMAX,346,,,s,
CHM00057516,29.583,106.467,416,,CHONGQING,,,19750322,TMAX,236,,,s,
CHM00057516,29.583,106.467,416,,CHONGQING,,,19750912,TMIN,262,,,s,
CHM00057516,29.583,106.467,416,,CHONGQING,,,19750322,TMIN,147,,,s,
CHM00057516,29.583,106.467,416,,CHONGQING,,,19750912,PRCP,0,,,s,
CHM00057516,29.583,106.467,416,,CHONGQING,,,19750322,PRCP,3,,,s,
CHM00057516,29.583,106.467,416,,CHONGQING,,,19750912,TAVG,296,,,s,
CHM00057516,29.583,106.467,416,,CHONGQING,,,19750322,TAVG,181,,,s,
CHM00057516,29.583,106.467,416,,CHONGQING,,,19750913,TMAX,297,,,s,
CHM00057516,29.583,106.467,416,,CHONGQING,,,19750323,TMAX,234,,,s,
CHM00057516,29.583,106.467,416,,CHONGQING,,,19750913,TMIN,191,,,s,
CHM00057516,29.583,106.467,416,,CHONGQING,,,19750323,TMIN,135,,,s,
CHM00057516,29.583,106.467,416,,CHONGQING,,,19750913,PRCP,231,,,s,
CHM00057516,29.583,106.467,416,,CHONGQING,,,19750323,PRCP,0,,,s,
CHM00057516,29.583,106.467,416,,CHONGQING,,,19750913,TAVG,222,,,s,
CHM00057516,29.583,106.467,416,,CHONGQING,,,19750323,TAVG,181,,,s,
CHM00057516,29.583,106.467,416,,CHONGQING,,,19750914,TMAX,235,,,s,
CHM00057516,29.583,106.467,416,,CHONGQING,,,19750324,TMAX,234,,,s,
CHM00057516,29.583,106.467,416,,CHONGQING,,,19750914,TMIN,179,,,s,
CHM00057516,29.583,106.467,416,,CHONGQING,,,19750324,TMIN,154,,,s,
CHM00057516,29.583,106.467,416,,CHONGQING,,,19750914,PRCP,13,,,s,
CHM00057516,29.583,106.467,416,,CHONGQING,,,19750324,PRCP,0,,,s,
CHM00057516,29.583,106.467,416,,CHONGQING,,,19750914,TAVG,204,,,s,
CHM00057516,29.583,106.467,416,,CHONGQING,,,19750324,TAVG,191,,,s,
CHM00057516,29.583,106.467,416,,CHONGQING,,,19750915,TMAX,282,,,s,
CHM00057516,29.583,106.467,416,,CHONGQING,,,19750325,TMAX,254,,,s,
CHM00057516,29.583,106.467,416,,CHONGQING,,,19750915,TMIN,200,,,s,
CHM00057516,29.583,106.467,416,,CHONGQING,,,19750325,TMIN,169,,,s,
CHM00057516,29.583,106.467,416,,CHONGQING,,,19750915,PRCP,0,,,s,
CHM00057516,29.583,106.467,416,,CHONGQING,,,19750325,PRCP,0,,,s,
CHM00057516,29.583,106.467,416,,CHONGQING,,,19750915,TAVG,232,,,s,
CHM00057516,29.583,106.467,416,,CHONGQING,,,19750325,TAVG,203,,,s,
CHM00057516,29.583,106.467,416,,CHONGQING,,,19750916,TMAX,294,,,s,
CHM00057516,29.583,106.467,416,,CHONGQING,,,19750326,TMAX,218,,,s,
CHM00057516,29.583,106.467,416,,CHONGQING,,,19750916,TMIN,217,,,s,
CHM00057516,29.583,106.467,416,,CHONGQING,,,19750326,TMIN,160,,,s,
CHM00057516,29.583,106.467,416,,CHONGQING,,,19750916,PRCP,0,,,s,
CHM00057516,29.583,106.467,416,,CHONGQING,,,19750326,PRCP,0,,,s,
CHM00057516,29.583,106.467,416,,CHONGQING,,,19750916,TAVG,248,,,s,
CHM00057516,29.583,106.467,416,,CHONGQING,,,19750326,TAVG,182,,,s,
CHM00057516,29.583,106.467,416,,CHONGQING,,,19750917,TMAX,268,,,s,
CHM00057516,29.583,106.467,416,,CHONGQING,,,19750327,TMAX,195,,,s,
CHM00057516,29.583,106.467,416,,CHONGQING,,,19750917,TMIN,221,,,s,
CHM00057516,29.583,106.467,416,,CHONGQING,,,19750327,TMIN,123,,,s,
CHM00057516,29.583,106.467,416,,CHONGQING,,,19750917,PRCP,118,,,s,
CHM00057516,29.583,106.467,416,,CHONGQING,,,19750327,PRCP,6,,,s,
CHM00057516,29.583,106.467,416,,CHONGQING,,,19750917,TAVG,239,,,s,
CHM00057516,29.583,106.467,416,,CHONGQING,,,19750327,TAVG,151,,,s,
CHM00057516,29.583,106.467,416,,CHONGQING,,,19750918,TMAX,282,,,s,
CHM00057516,29.583,106.467,416,,CHONGQING,,,19750328,TMAX,205,,,s,
CHM00057516,29.583,106.467,416,,CHONGQING,,,19750918,TMIN,230,,,s,
CHM00057516,29.583,106.467,416,,CHONGQING,,,19750328,TMIN,128,,,s,
CHM00057516,29.583,106.467,416,,CHONGQING,,,19750918,PRCP,18,,,s,
CHM00057516,29.583,106.467,416,,CHONGQING,,,19750328,PRCP,0,,,s,
CHM00057516,29.583,106.467,416,,CHONGQING,,,19750918,TAVG,249,,,s,
CHM00057516,29.583,106.467,416,,CHONGQING,,,19750328,TAVG,161,,,s,
CHM00057516,29.583,106.467,416,,CHONGQING,,,19750919,TMAX,312,,,s,
CHM00057516,29.583,106.467,416,,CHONGQING,,,19750329,TMAX,247,,,s,
CHM00057516,29.583,106.467,416,,CHONGQING,,,19750919,TMIN,237,,,s,
CHM00057516,29.583,106.467,416,,CHONGQING,,,19750329,TMIN,138,,,s,
CHM00057516,29.583,106.467,416,,CHONGQING,,,19750919,PRCP,0,T,,s,
CHM00057516,29.583,106.467,416,,CHONGQING,,,19750329,PRCP,0,,,s,
CHM00057516,29.583,106.467,416,,CHONGQING,,,19750919,TAVG,263,,,s,
CHM00057516,29.583,106.467,416,,CHONGQING,,,19750329,TAVG,187,,,s,
CHM00057516,29.583,106.467,416,,CHONGQING,,,19750920,TMAX,251,,,s,
CHM00057516,29.583,106.467,416,,CHONGQING,,,19750330,TMAX,228,,,s,
CHM00057516,29.583,106.467,416,,CHONGQING,,,19750920,TMIN,230,,,s,
CHM00057516,29.583,106.467,416,,CHONGQING,,,19750330,TMIN,156,,,s,
CHM00057516,29.583,106.467,416,,CHONGQING,,,19750920,PRCP,11,,,s,
CHM00057516,29.583,106.467,416,,CHONGQING,,,19750330,PRCP,0,T,,s,
CHM00057516,29.583,106.467,416,,CHONGQING,,,19750920,TAVG,237,,,s,
CHM00057516,29.583,106.467,416,,CHONGQING,,,19750330,TAVG,188,,,s,
CHM00057516,29.583,106.467,416,,CHONGQING,,,19750921,TMAX,321,,,s,
CHM00057516,29.583,106.467,416,,CHONGQING,,,19750331,TMAX,250,,,s,
CHM00057516,29.583,106.467,416,,CHONGQING,,,19750921,TMIN,219,,,s,
CHM00057516,29.583,106.467,416,,CHONGQING,,,19750331,TMIN,145,,,s,
CHM00057516,29.583,106.467,416,,CHONGQING,,,19750921,PRCP,1,,,s,
CHM00057516,29.583,106.467,416,,CHONGQING,,,19750331,PRCP,0,,,s,
CHM00057516,29.583,106.467,416,,CHONGQING,,,19750921,TAVG,257,,,s,
CHM00057516,29.583,106.467,416,,CHONGQING,,,19750331,TAVG,194,,,s,
CHM00057516,29.583,106.467,416,,CHONGQING,,,19750922,TMAX,298,,,s,
CHM00057516,29.583,106.467,416,,CHONGQING,,,19750401,TMAX,230,,,s,
CHM00057516,29.583,106.467,416,,CHONGQING,,,19750922,TMIN,223,,,s,
CHM00057516,29.583,106.467,416,,CHONGQING,,,19750401,TMIN,123,,,s,
CHM00057516,29.583,106.467,416,,CHONGQING,,,19750922,PRCP,162,,,s,
CHM00057516,29.583,106.467,416,,CHONGQING,,,19750401,PRCP,127,,,s,
CHM00057516,29.583,106.467,416,,CHONGQING,,,19750922,TAVG,254,,,s,
CHM00057516,29.583,106.467,416,,CHONGQING,,,19750401,TAVG,159,,,s,
CHM00057516,29.583,106.467,416,,CHONGQING,,,19750923,TMAX,262,,,s,
CHM00057516,29.583,106.467,416,,CHONGQING,,,19750402,TMAX,215,,,s,
CHM00057516,29.583,106.467,416,,CHONGQING,,,19750923,TMIN,218,,,s,
CHM00057516,29.583,106.467,416,,CHONGQING,,,19750402,TMIN,123,,,s,
CHM00057516,29.583,106.467,416,,CHONGQING,,,19750923,PRCP,75,,,s,
CHM00057516,29.583,106.467,416,,CHONGQING,,,19750402,PRCP,1,,,s,
CHM00057516,29.583,106.467,416,,CHONGQING,,,19750923,TAVG,236,,,s,
CHM00057516,29.583,106.467,416,,CHONGQING,,,19750402,TAVG,167,,,s,
CHM00057516,29.583,106.467,416,,CHONGQING,,,19750924,TMAX,300,,,s,
CHM00057516,29.583,106.467,416,,CHONGQING,,,19750403,TMAX,245,,,s,
CHM00057516,29.583,106.467,416,,CHONGQING,,,19750924,TMIN,228,,,s,
CHM00057516,29.583,106.467,416,,CHONGQING,,,19750403,TMIN,154,,,s,
CHM00057516,29.583,106.467,416,,CHONGQING,,,19750924,PRCP,0,,,s,
CHM00057516,29.583,106.467,416,,CHONGQING,,,19750403,PRCP,0,,,s,
CHM00057516,29.583,106.467,416,,CHONGQING,,,19750924,TAVG,254,,,s,
CHM00057516,29.583,106.467,416,,CHONGQING,,,19750403,TAVG,196,,,s,
CHM00057516,29.583,106.467,416,,CHONGQING,,,19750925,TMAX,298,,,s,
CHM00057516,29.583,106.467,416,,CHONGQING,,,19750404,TMAX,222,,,s,
CHM00057516,29.583,106.467,416,,CHONGQING,,,19750925,TMIN,230,,,s,
CHM00057516,29.583,106.467,416,,CHONGQING,,,19750404,TMIN,183,,,s,
CHM00057516,29.583,106.467,416,,CHONGQING,,,19750925,PRCP,0,,,s,
CHM00057516,29.583,106.467,416,,CHONGQING,,,19750404,PRCP,0,,,s,
CHM00057516,29.583,106.467,416,,CHONGQING,,,19750925,TAVG,255,,,s,
CHM00057516,29.583,106.467,416,,CHONGQING,,,19750404,TAVG,200,,,s,
CHM00057516,29.583,106.467,416,,CHONGQING,,,19750926,TMAX,264,,,s,
CHM00057516,29.583,106.467,416,,CHONGQING,,,19750405,TMAX,212,,,s,
CHM00057516,29.583,106.467,416,,CHONGQING,,,19750926,TMIN,227,,,s,
CHM00057516,29.583,106.467,416,,CHONGQING,,,19750405,TMIN,150,,,s,
CHM00057516,29.583,106.467,416,,CHONGQING,,,19750926,PRCP,0,T,,s,
CHM00057516,29.583,106.467,416,,CHONGQING,,,19750405,PRCP,43,,,s,
CHM00057516,29.583,106.467,416,,CHONGQING,,,19750926,TAVG,244,,,s,
CHM00057516,29.583,106.467,416,,CHONGQING,,,19750405,TAVG,179,,,s,
CHM00057516,29.583,106.467,416,,CHONGQING,,,19750927,TMAX,255,,,s,
CHM00057516,29.583,106.467,416,,CHONGQING,,,19750406,TMAX,186,,,s,
CHM00057516,29.583,106.467,416,,CHONGQING,,,19750927,TMIN,214,,,s,
CHM00057516,29.583,106.467,416,,CHONGQING,,,19750406,TMIN,128,,,s,
CHM00057516,29.583,106.467,416,,CHONGQING,,,19750927,PRCP,146,,,s,
CHM00057516,29.583,106.467,416,,CHONGQING,,,19750406,PRCP,84,,,s,
CHM00057516,29.583,106.467,416,,CHONGQING,,,19750927,TAVG,233,,,s,
CHM00057516,29.583,106.467,416,,CHONGQING,,,19750406,TAVG,151,,,s,
CHM00057516,29.583,106.467,416,,CHONGQING,,,19750928,TMAX,280,,,s,
CHM00057516,29.583,106.467,416,,CHONGQING,,,19750407,TMAX,217,,,s,
CHM00057516,29.583,106.467,416,,CHONGQING,,,19750928,TMIN,226,,,s,
CHM00057516,29.583,106.467,416,,CHONGQING,,,19750407,TMIN,134,,,s,
CHM00057516,29.583,106.467,416,,CHONGQING,,,19750928,PRCP,44,,,s,
CHM00057516,29.583,106.467,416,,CHONGQING,,,19750407,PRCP,39,,,s,
CHM00057516,29.583,106.467,416,,CHONGQING,,,19750928,TAVG,248,,,s,
CHM00057516,29.583,106.467,416,,CHONGQING,,,19750407,TAVG,166,,,s,
CHM00057516,29.583,106.467,416,,CHONGQING,,,19750929,TMAX,316,,,s,
CHM00057516,29.583,106.467,416,,CHONGQING,,,19750408,TMAX,250,,,s,
CHM00057516,29.583,106.467,416,,CHONGQING,,,19750929,TMIN,236,,,s,
CHM00057516,29.583,106.467,416,,CHONGQING,,,19750408,TMIN,137,,,s,
CHM00057516,29.583,106.467,416,,CHONGQING,,,19750929,PRCP,0,,,s,
CHM00057516,29.583,106.467,416,,CHONGQING,,,19750408,PRCP,0,,,s,
CHM00057516,29.583,106.467,416,,CHONGQING,,,19750929,TAVG,267,,,s,
CHM00057516,29.583,106.467,416,,CHONGQING,,,19750408,TAVG,190,,,s,
CHM00057516,29.583,106.467,416,,CHONGQING,,,19750930,TMAX,302,,,s,
CHM00057516,29.583,106.467,416,,CHONGQING,,,19750409,TMAX,233,,,s,
CHM00057516,29.583,106.467,416,,CHONGQING,,,19750930,TMIN,241,,,s,
CHM00057516,29.583,106.467,416,,CHONGQING,,,19750409,TMIN,166,,,s,
CHM00057516,29.583,106.467,416,,CHONGQING,,,19750930,PRCP,0,,,s,
CHM00057516,29.583,106.467,416,,CHONGQING,,,19750409,PRCP,0,,,s,
CHM00057516,29.583,106.467,416,,CHONGQING,,,19750930,TAVG,262,,,s,
CHM00057516,29.583,106.467,416,,CHONGQING,,,19750409,TAVG,202,,,s,
CHM00057516,29.583,106.467,416,,CHONGQING,,,19751001,TMAX,251,,,s,
CHM00057516,29.583,106.467,416,,CHONGQING,,,19750410,TMAX,214,,,s,
CHM00057516,29.583,106.467,416,,CHONGQING,,,19751001,TMIN,205,,,s,
CHM00057516,29.583,106.467,416,,CHONGQING,,,19750410,TMIN,119,,,s,
CHM00057516,29.583,106.467,416,,CHONGQING,,,19751001,PRCP,36,,,s,
CHM00057516,29.583,106.467,416,,CHONGQING,,,19750410,PRCP,49,,,s,
CHM00057516,29.583,106.467,416,,CHONGQING,,,19751001,TAVG,217,,,s,
CHM00057516,29.583,106.467,416,,CHONGQING,,,19750410,TAVG,141,,,s,
CHM00057516,29.583,106.467,416,,CHONGQING,,,19751002,TMAX,212,,,s,
CHM00057516,29.583,106.467,416,,CHONGQING,,,19750411,TMAX,139,,,s,
CHM00057516,29.583,106.467,416,,CHONGQING,,,19751002,TMIN,189,,,s,
CHM00057516,29.583,106.467,416,,CHONGQING,,,19750411,TMIN,105,,,s,
CHM00057516,29.583,106.467,416,,CHONGQING,,,19751002,PRCP,1,,,s,
CHM00057516,29.583,106.467,416,,CHONGQING,,,19750411,PRCP,12,,,s,
CHM00057516,29.583,106.467,416,,CHONGQING,,,19751002,TAVG,197,,,s,
CHM00057516,29.583,106.467,416,,CHONGQING,,,19750411,TAVG,119,,,s,
CHM00057516,29.583,106.467,416,,CHONGQING,,,19751003,TMAX,202,,,s,
CHM00057516,29.583,106.467,416,,CHONGQING,,,19750412,TMAX,172,,,s,
CHM00057516,29.583,106.467,416,,CHONGQING,,,19751003,TMIN,172,,,s,
CHM00057516,29.583,106.467,416,,CHONGQING,,,19750412,TMIN,110,,,s,
CHM00057516,29.583,106.467,416,,CHONGQING,,,19751003,PRCP,43,,,s,
CHM00057516,29.583,106.467,416,,CHONGQING,,,19750412,PRCP,2,,,s,
CHM00057516,29.583,106.467,416,,CHONGQING,,,19751003,TAVG,185,,,s,
CHM00057516,29.583,106.467,416,,CHONGQING,,,19750412,TAVG,141,,,s,
CHM00057516,29.583,106.467,416,,CHONGQING,,,19751004,TMAX,254,,,s,
CHM00057516,29.583,106.467,416,,CHONGQING,,,19750413,TMAX,202,,,s,
CHM00057516,29.583,106.467,416,,CHONGQING,,,19751004,TMIN,162,,,s,
CHM00057516,29.583,106.467,416,,CHONGQING,,,19750413,TMIN,125,,,s,
CHM00057516,29.583,106.467,416,,CHONGQING,,,19751004,PRCP,1,,,s,
CHM00057516,29.583,106.467,416,,CHONGQING,,,19750413,PRCP,2,,,s,
CHM00057516,29.583,106.467,416,,CHONGQING,,,19751004,TAVG,199,,,s,
CHM00057516,29.583,106.467,416,,CHONGQING,,,19750413,TAVG,162,,,s,
CHM00057516,29.583,106.467,416,,CHONGQING,,,19751005,TMAX,275,,,s,
CHM00057516,29.583,106.467,416,,CHONGQING,,,19750414,TMAX,227,,,s,
CHM00057516,29.583,106.467,416,,CHONGQING,,,19751005,TMIN,160,,,s,
CHM00057516,29.583,106.467,416,,CHONGQING,,,19750414,TMIN,148,,,s,
CHM00057516,29.583,106.467,416,,CHONGQING,,,19751005,PRCP,2,,,s,
CHM00057516,29.583,106.467,416,,CHONGQING,,,19750414,PRCP,4,,,s,
CHM00057516,29.583,106.467,416,,CHONGQING,,,19751005,TAVG,213,,,s,
CHM00057516,29.583,106.467,416,,CHONGQING,,,19750414,TAVG,182,,,s,
CHM00057516,29.583,106.467,416,,CHONGQING,,,19751006,TMAX,270,,,s,
CHM00057516,29.583,106.467,416,,CHONGQING,,,19750415,TMAX,202,,,s,
CHM00057516,29.583,106.467,416,,CHONGQING,,,19751006,TMIN,193,,,s,
CHM00057516,29.583,106.467,416,,CHONGQING,,,19750415,TMIN,157,,,s,
CHM00057516,29.583,106.467,416,,CHONGQING,,,19751006,PRCP,39,,,s,
CHM00057516,29.583,106.467,416,,CHONGQING,,,19750415,PRCP,30,,,s,
CHM00057516,29.583,106.467,416,,CHONGQING,,,19751006,TAVG,222,,,s,
CHM00057516,29.583,106.467,416,,CHONGQING,,,19750415,TAVG,169,,,s,
CHM00057516,29.583,106.467,416,,CHONGQING,,,19751007,TMAX,283,,,s,
CHM00057516,29.583,106.467,416,,CHONGQING,,,19750416,TMAX,211,,,s,
CHM00057516,29.583,106.467,416,,CHONGQING,,,19751007,TMIN,169,,,s,
CHM00057516,29.583,106.467,416,,CHONGQING,,,19750416,TMIN,154,,,s,
CHM00057516,29.583,106.467,416,,CHONGQING,,,19751007,PRCP,2,,,s,
CHM00057516,29.583,106.467,416,,CHONGQING,,,19750416,PRCP,28,,,s,
CHM00057516,29.583,106.467,416,,CHONGQING,,,19751007,TAVG,218,,,s,
CHM00057516,29.583,106.467,416,,CHONGQING,,,19750416,TAVG,178,,,s,
CHM00057516,29.583,106.467,416,,CHONGQING,,,19751008,TMAX,306,,,s,
CHM00057516,29.583,106.467,416,,CHONGQING,,,19750417,TMAX,229,,,s,
CHM00057516,29.583,106.467,416,,CHONGQING,,,19751008,TMIN,191,,,s,
CHM00057516,29.583,106.467,416,,CHONGQING,,,19750417,TMIN,169,,,s,
CHM00057516,29.583,106.467,416,,CHONGQING,,,19751008,PRCP,0,,,s,
CHM00057516,29.583,106.467,416,,CHONGQING,,,19750417,PRCP,10,,,s,
CHM00057516,29.583,106.467,416,,CHONGQING,,,19751008,TAVG,237,,,s,
CHM00057516,29.583,106.467,416,,CHONGQING,,,19750417,TAVG,191,,,s,
CHM00057516,29.583,106.467,416,,CHONGQING,,,19751009,TMAX,249,,,s,
CHM00057516,29.583,106.467,416,,CHONGQING,,,19750418,TMAX,220,,,s,
CHM00057516,29.583,106.467,416,,CHONGQING,,,19751009,TMIN,193,,,s,
CHM00057516,29.583,106.467,416,,CHONGQING,,,19750418,TMIN,171,,,s,
CHM00057516,29.583,106.467,416,,CHONGQING,,,19751009,PRCP,62,,,s,
CHM00057516,29.583,106.467,416,,CHONGQING,,,19750418,PRCP,47,,,s,
CHM00057516,29.583,106.467,416,,CHONGQING,,,19751009,TAVG,208,,,s,
CHM00057516,29.583,106.467,416,,CHONGQING,,,19750418,TAVG,189,,,s,
CHM00057516,29.583,106.467,416,,CHONGQING,,,19751010,TMAX,211,,,s,
CHM00057516,29.583,106.467,416,,CHONGQING,,,19750419,TMAX,229,,,s,
CHM00057516,29.583,106.467,416,,CHONGQING,,,19751010,TMIN,186,,,s,
CHM00057516,29.583,106.467,416,,CHONGQING,,,19750419,TMIN,140,,,s,
CHM00057516,29.583,106.467,416,,CHONGQING,,,19751010,PRCP,37,,,s,
CHM00057516,29.583,106.467,416,,CHONGQING,,,19750419,PRCP,1,,,s,
CHM00057516,29.583,106.467,416,,CHONGQING,,,19751010,TAVG,197,,,s,
CHM00057516,29.583,106.467,416,,CHONGQING,,,19750419,TAVG,177,,,s,
CHM00057516,29.583,106.467,416,,CHONGQING,,,19751011,TMAX,230,,,s,
CHM00057516,29.583,106.467,416,,CHONGQING,,,19750420,TMAX,260,,,s,
CHM00057516,29.583,106.467,416,,CHONGQING,,,19751011,TMIN,192,,,s,
CHM00057516,29.583,106.467,416,,CHONGQING,,,19750420,TMIN,142,,,s,
CHM00057516,29.583,106.467,416,,CHONGQING,,,19751011,PRCP,78,,,s,
CHM00057516,29.583,106.467,416,,CHONGQING,,,19750420,PRCP,0,,,s,
CHM00057516,29.583,106.467,416,,CHONGQING,,,19751011,TAVG,201,,,s,
CHM00057516,29.583,106.467,416,,CHONGQING,,,19750420,TAVG,197,,,s,
CHM00057516,29.583,106.467,416,,CHONGQING,,,19751012,TMAX,198,,,s,
CHM00057516,29.583,106.467,416,,CHONGQING,,,19750421,TMAX,254,,,s,
CHM00057516,29.583,106.467,416,,CHONGQING,,,19751012,TMIN,184,,,s,
CHM00057516,29.583,106.467,416,,CHONGQING,,,19750421,TMIN,195,,,s,
CHM00057516,29.583,106.467,416,,CHONGQING,,,19751012,PRCP,85,,,s,
CHM00057516,29.583,106.467,416,,CHONGQING,,,19750421,PRCP,0,T,,s,
CHM00057516,29.583,106.467,416,,CHONGQING,,,19751012,TAVG,188,,,s,
CHM00057516,29.583,106.467,416,,CHONGQING,,,19750421,TAVG,216,,,s,
CHM00057516,29.583,106.467,416,,CHONGQING,,,19751013,TMAX,186,,,s,
CHM00057516,29.583,106.467,416,,CHONGQING,,,19750422,TMAX,272,,,s,
CHM00057516,29.583,106.467,416,,CHONGQING,,,19751013,TMIN,163,,,s,
CHM00057516,29.583,106.467,416,,CHONGQING,,,19750422,TMIN,172,,,s,
CHM00057516,29.583,106.467,416,,CHONGQING,,,19751013,PRCP,141,,,s,
CHM00057516,29.583,106.467,416,,CHONGQING,,,19750422,PRCP,0,,,s,
CHM00057516,29.583,106.467,416,,CHONGQING,,,19751013,TAVG,175,,,s,
CHM00057516,29.583,106.467,416,,CHONGQING,,,19750422,TAVG,213,,,s,
CHM00057516,29.583,106.467,416,,CHONGQING,,,19751014,TMAX,167,,,s,
CHM00057516,29.583,106.467,416,,CHONGQING,,,19750423,TMAX,260,,,s,
CHM00057516,29.583,106.467,416,,CHONGQING,,,19751014,TMIN,149,,,s,
CHM00057516,29.583,106.467,416,,CHONGQING,,,19750423,TMIN,181,,,s,
CHM00057516,29.583,106.467,416,,CHONGQING,,,19751014,PRCP,76,,,s,
CHM00057516,29.583,106.467,416,,CHONGQING,,,19750423,PRCP,0,,,s,
CHM00057516,29.583,106.467,416,,CHONGQING,,,19751014,TAVG,154,,,s,
CHM00057516,29.583,106.467,416,,CHONGQING,,,19750423,TAVG,216,,,s,
CHM00057516,29.583,106.467,416,,CHONGQING,,,19751015,TMAX,185,,,s,
CHM00057516,29.583,106.467,416,,CHONGQING,,,19750424,TMAX,281,,,s,
CHM00057516,29.583,106.467,416,,CHONGQING,,,19751015,TMIN,150,,,s,
CHM00057516,29.583,106.467,416,,CHONGQING,,,19750424,TMIN,205,,,s,
CHM00057516,29.583,106.467,416,,CHONGQING,,,19751015,PRCP,0,T,,s,
CHM00057516,29.583,106.467,416,,CHONGQING,,,19750424,PRCP,0,T,,s,
CHM00057516,29.583,106.467,416,,CHONGQING,,,19751015,TAVG,165,,,s,
CHM00057516,29.583,106.467,416,,CHONGQING,,,19750424,TAVG,237,,,s,
CHM00057516,29.583,106.467,416,,CHONGQING,,,19751016,TMAX,234,,,s,
CHM00057516,29.583,106.467,416,,CHONGQING,,,19750425,TMAX,250,,,s,
CHM00057516,29.583,106.467,416,,CHONGQING,,,19751016,TMIN,159,,,s,
CHM00057516,29.583,106.467,416,,CHONGQING,,,19750425,TMIN,172,,,s,
CHM00057516,29.583,106.467,416,,CHONGQING,,,19751016,PRCP,0,,,s,
CHM00057516,29.583,106.467,416,,CHONGQING,,,19750425,PRCP,161,,,s,
CHM00057516,29.583,106.467,416,,CHONGQING,,,19751016,TAVG,187,,,s,
CHM00057516,29.583,106.467,416,,CHONGQING,,,19750425,TAVG,211,,,s,
CHM00057516,29.583,106.467,416,,CHONGQING,,,19751017,TMAX,242,,,s,
CHM00057516,29.583,106.467,416,,CHONGQING,,,19750426,TMAX,276,,,s,
CHM00057516,29.583,106.467,416,,CHONGQING,,,19751017,TMIN,148,,,s,
CHM00057516,29.583,106.467,416,,CHONGQING,,,19750426,TMIN,184,,,s,
CHM00057516,29.583,106.467,416,,CHONGQING,,,19751017,PRCP,1,,,s,
CHM00057516,29.583,106.467,416,,CHONGQING,,,19750426,PRCP,0,,,s,
CHM00057516,29.583,106.467,416,,CHONGQING,,,19751017,TAVG,187,,,s,
CHM00057516,29.583,106.467,416,,CHONGQING,,,19750426,TAVG,225,,,s,
CHM00057516,29.583,106.467,416,,CHONGQING,,,19751018,TMAX,254,,,s,
CHM00057516,29.583,106.467,416,,CHONGQING,,,19750427,TMAX,251,,,s,
CHM00057516,29.583,106.467,416,,CHONGQING,,,19751018,TMIN,154,,,s,
CHM00057516,29.583,106.467,416,,CHONGQING,,,19750427,TMIN,178,,,s,
CHM00057516,29.583,106.467,416,,CHONGQING,,,19751018,PRCP,1,,,s,
CHM00057516,29.583,106.467,416,,CHONGQING,,,19750427,PRCP,815,,,s,
CHM00057516,29.583,106.467,416,,CHONGQING,,,19751018,TAVG,198,,,s,
CHM00057516,29.583,106.467,416,,CHONGQING,,,19750427,TAVG,193,,,s,
CHM00057516,29.583,106.467,416,,CHONGQING,,,19751019,TMAX,220,,,s,
CHM00057516,29.583,106.467,416,,CHONGQING,,,19750428,TMAX,190,,,s,
CHM00057516,29.583,106.467,416,,CHONGQING,,,19751019,TMIN,185,,,s,
CHM00057516,29.583,106.467,416,,CHONGQING,,,19750428,TMIN,176,,,s,
CHM00057516,29.583,106.467,416,,CHONGQING,,,19751019,PRCP,0,,,s,
CHM00057516,29.583,106.467,416,,CHONGQING,,,19750428,PRCP,141,,,s,
CHM00057516,29.583,106.467,416,,CHONGQING,,,19751019,TAVG,200,,,s,
CHM00057516,29.583,106.467,416,,CHONGQING,,,19750428,TAVG,184,,,s,
CHM00057516,29.583,106.467,416,,CHONGQING,,,19751020,TMAX,242,,,s,
CHM00057516,29.583,106.467,416,,CHONGQING,,,19750429,TMAX,188,,,s,
CHM00057516,29.583,106.467,416,,CHONGQING,,,19751020,TMIN,186,,,s,
CHM00057516,29.583,106.467,416,,CHONGQING,,,19750429,TMIN,161,,,s,
CHM00057516,29.583,106.467,416,,CHONGQING,,,19751020,PRCP,0,,,s,
CHM00057516,29.583,106.467,416,,CHONGQING,,,19750429,PRCP,50,,,s,
CHM00057516,29.583,106.467,416,,CHONGQING,,,19751020,TAVG,207,,,s,
CHM00057516,29.583,106.467,416,,CHONGQING,,,19750429,TAVG,178,,,s,
CHM00057516,29.583,106.467,416,,CHONGQING,,,19751021,TMAX,260,,,s,
CHM00057516,29.583,106.467,416,,CHONGQING,,,19750430,TMAX,198,,,s,
CHM00057516,29.583,106.467,416,,CHONGQING,,,19751021,TMIN,185,,,s,
CHM00057516,29.583,106.467,416,,CHONGQING,,,19750430,TMIN,151,,,s,
CHM00057516,29.583,106.467,416,,CHONGQING,,,19751021,PRCP,0,,,s,
CHM00057516,29.583,106.467,416,,CHONGQING,,,19750430,PRCP,89,,,s,
CHM00057516,29.583,106.467,416,,CHONGQING,,,19751021,TAVG,215,,,s,
CHM00057516,29.583,106.467,416,,CHONGQING,,,19750430,TAVG,170,,,s,
CHM00057516,29.583,106.467,416,,CHONGQING,,,19751022,TMAX,250,,,s,
CHM00057516,29.583,106.467,416,,CHONGQING,,,19750501,TMAX,195,,,s,
CHM00057516,29.583,106.467,416,,CHONGQING,,,19751022,TMIN,188,,,s,
CHM00057516,29.583,106.467,416,,CHONGQING,,,19750501,TMIN,164,,,s,
CHM00057516,29.583,106.467,416,,CHONGQING,,,19751022,PRCP,0,,,s,
CHM00057516,29.583,106.467,416,,CHONGQING,,,19750501,PRCP,53,,,s,
CHM00057516,29.583,106.467,416,,CHONGQING,,,19751022,TAVG,211,,,s,
CHM00057516,29.583,106.467,416,,CHONGQING,,,19750501,TAVG,176,,,s,
CHM00057516,29.583,106.467,416,,CHONGQING,,,19751023,TMAX,250,,,s,
CHM00057516,29.583,106.467,416,,CHONGQING,,,19750502,TMAX,202,,,s,
CHM00057516,29.583,106.467,416,,CHONGQING,,,19751023,TMIN,165,,,s,
CHM00057516,29.583,106.467,416,,CHONGQING,,,19750502,TMIN,165,,,s,
CHM00057516,29.583,106.467,416,,CHONGQING,,,19751023,PRCP,0,,,s,
CHM00057516,29.583,106.467,416,,CHONGQING,,,19750502,PRCP,9,,,s,
CHM00057516,29.583,106.467,416,,CHONGQING,,,19751023,TAVG,198,,,s,
CHM00057516,29.583,106.467,416,,CHONGQING,,,19750502,TAVG,183,,,s,
CHM00057516,29.583,106.467,416,,CHONGQING,,,19751024,TMAX,234,,,s,
CHM00057516,29.583,106.467,416,,CHONGQING,,,19750503,TMAX,252,,,s,
CHM00057516,29.583,106.467,416,,CHONGQING,,,19751024,TMIN,184,,,s,
CHM00057516,29.583,106.467,416,,CHONGQING,,,19750503,TMIN,169,,,s,
CHM00057516,29.583,106.467,416,,CHONGQING,,,19751024,PRCP,0,,,s,
CHM00057516,29.583,106.467,416,,CHONGQING,,,19750503,PRCP,0,T,,s,
CHM00057516,29.583,106.467,416,,CHONGQING,,,19751024,TAVG,201,,,s,
CHM00057516,29.583,106.467,416,,CHONGQING,,,19750503,TAVG,205,,,s,
CHM00057516,29.583,106.467,416,,CHONGQING,,,19751025,TMAX,247,,,s,
CHM00057516,29.583,106.467,416,,CHONGQING,,,19750504,TMAX,233,,,s,
CHM00057516,29.583,106.467,416,,CHONGQING,,,19751025,TMIN,180,,,s,
CHM00057516,29.583,106.467,416,,CHONGQING,,,19750504,TMIN,187,,,s,
CHM00057516,29.583,106.467,416,,CHONGQING,,,19751025,PRCP,2,,,s,
CHM00057516,29.583,106.467,416,,CHONGQING,,,19750504,PRCP,45,,,s,
CHM00057516,29.583,106.467,416,,CHONGQING,,,19751025,TAVG,207,,,s,
CHM00057516,29.583,106.467,416,,CHONGQING,,,19750504,TAVG,199,,,s,
CHM00057516,29.583,106.467,416,,CHONGQING,,,19751026,TMAX,217,,,s,
CHM00057516,29.583,106.467,416,,CHONGQING,,,19750505,TMAX,200,,,s,
CHM00057516,29.583,106.467,416,,CHONGQING,,,19751026,TMIN,195,,,s,
CHM00057516,29.583,106.467,416,,CHONGQING,,,19750505,TMIN,166,,,s,
CHM00057516,29.583,106.467,416,,CHONGQING,,,19751026,PRCP,0,,,s,
CHM00057516,29.583,106.467,416,,CHONGQING,,,19750505,PRCP,7,,,s,
CHM00057516,29.583,106.467,416,,CHONGQING,,,19751026,TAVG,200,,,s,
CHM00057516,29.583,106.467,416,,CHONGQING,,,19750505,TAVG,178,,,s,
CHM00057516,29.583,106.467,416,,CHONGQING,,,19751027,TMAX,199,,,s,
CHM00057516,29.583,106.467,416,,CHONGQING,,,19750506,TMAX,243,,,s,
CHM00057516,29.583,106.467,416,,CHONGQING,,,19751027,TMIN,175,,,s,
CHM00057516,29.583,106.467,416,,CHONGQING,,,19750506,TMIN,161,,,s,
CHM00057516,29.583,106.467,416,,CHONGQING,,,19751027,PRCP,69,,,s,
CHM00057516,29.583,106.467,416,,CHONGQING,,,19750506,PRCP,2,,,s,
CHM00057516,29.583,106.467,416,,CHONGQING,,,19751027,TAVG,184,,,s,
CHM00057516,29.583,106.467,416,,CHONGQING,,,19750506,TAVG,194,,,s,
CHM00057516,29.583,106.467,416,,CHONGQING,,,19751028,TMAX,185,,,s,
CHM00057516,29.583,106.467,416,,CHONGQING,,,19750507,TMAX,250,,,s,
CHM00057516,29.583,106.467,416,,CHONGQING,,,19751028,TMIN,147,,,s,
CHM00057516,29.583,106.467,416,,CHONGQING,,,19750507,TMIN,178,,,s,
CHM00057516,29.583,106.467,416,,CHONGQING,,,19751028,PRCP,159,,,s,
CHM00057516,29.583,106.467,416,,CHONGQING,,,19750507,PRCP,1,,,s,
CHM00057516,29.583,106.467,416,,CHONGQING,,,19751028,TAVG,162,,,s,
CHM00057516,29.583,106.467,416,,CHONGQING,,,19750507,TAVG,207,,,s,
CHM00057516,29.583,106.467,416,,CHONGQING,,,19751029,TMAX,157,,,s,
CHM00057516,29.583,106.467,416,,CHONGQING,,,19750508,TMAX,267,,,s,
CHM00057516,29.583,106.467,416,,CHONGQING,,,19751029,TMIN,136,,,s,
CHM00057516,29.583,106.467,416,,CHONGQING,,,19750508,TMIN,182,,,s,
CHM00057516,29.583,106.467,416,,CHONGQING,,,19751029,PRCP,102,,,s,
CHM00057516,29.583,106.467,416,,CHONGQING,,,19750508,PRCP,0,,,s,
CHM00057516,29.583,106.467,416,,CHONGQING,,,19751029,TAVG,145,,,s,
CHM00057516,29.583,106.467,416,,CHONGQING,,,19750508,TAVG,217,,,s,
CHM00057516,29.583,106.467,416,,CHONGQING,,,19751030,TMAX,235,,,s,
CHM00057516,29.583,106.467,416,,CHONGQING,,,19750509,TMAX,239,,,s,
CHM00057516,29.583,106.467,416,,CHONGQING,,,19751030,TMIN,143,,,s,
CHM00057516,29.583,106.467,416,,CHONGQING,,,19750509,TMIN,186,,,s,
CHM00057516,29.583,106.467,416,,CHONGQING,,,19751030,PRCP,0,,,s,
CHM00057516,29.583,106.467,416,,CHONGQING,,,19750509,PRCP,0,T,,s,
CHM00057516,29.583,106.467,416,,CHONGQING,,,19751030,TAVG,176,,,s,
CHM00057516,29.583,106.467,416,,CHONGQING,,,19750509,TAVG,206,,,s,
CHM00057516,29.583,106.467,416,,CHONGQING,,,19751031,TMAX,216,,,s,
CHM00057516,29.583,106.467,416,,CHONGQING,,,19750510,TMAX,277,,,s,
CHM00057516,29.583,106.467,416,,CHONGQING,,,19751031,TMIN,140,,,s,
CHM00057516,29.583,106.467,416,,CHONGQING,,,19750510,TMIN,183,,,s,
CHM00057516,29.583,106.467,416,,CHONGQING,,,19751031,PRCP,0,,,s,
CHM00057516,29.583,106.467,416,,CHONGQING,,,19750510,PRCP,3,,,s,
CHM00057516,29.583,106.467,416,,CHONGQING,,,19751031,TAVG,170,,,s,
CHM00057516,29.583,106.467,416,,CHONGQING,,,19750510,TAVG,228,,,s,
CHM00057516,29.583,106.467,416,,CHONGQING,,,19751101,TMAX,206,,,s,
CHM00057516,29.583,106.467,416,,CHONGQING,,,19750511,TMAX,295,,,s,
CHM00057516,29.583,106.467,416,,CHONGQING,,,19751101,TMIN,150,,,s,
CHM00057516,29.583,106.467,416,,CHONGQING,,,19750511,TMIN,198,,,s,
CHM00057516,29.583,106.467,416,,CHONGQING,,,19751101,PRCP,0,,,s,
CHM00057516,29.583,106.467,416,,CHONGQING,,,19750511,PRCP,0,T,,s,
CHM00057516,29.583,106.467,416,,CHONGQING,,,19751101,TAVG,171,,,s,
CHM00057516,29.583,106.467,416,,CHONGQING,,,19750511,TAVG,242,,,s,
CHM00057516,29.583,106.467,416,,CHONGQING,,,19751102,TMAX,177,,,s,
CHM00057516,29.583,106.467,416,,CHONGQING,,,19750512,TMAX,260,,,s,
CHM00057516,29.583,106.467,416,,CHONGQING,,,19751102,TMIN,135,,,s,
CHM00057516,29.583,106.467,416,,CHONGQING,,,19750512,TMIN,189,,,s,
CHM00057516,29.583,106.467,416,,CHONGQING,,,19751102,PRCP,43,,,s,
CHM00057516,29.583,106.467,416,,CHONGQING,,,19750512,PRCP,0,T,,s,
CHM00057516,29.583,106.467,416,,CHONGQING,,,19751102,TAVG,146,,,s,
CHM00057516,29.583,106.467,416,,CHONGQING,,,19750512,TAVG,220,,,s,
CHM00057516,29.583,106.467,416,,CHONGQING,,,19751103,TMAX,145,,,s,
CHM00057516,29.583,106.467,416,,CHONGQING,,,19750513,TMAX,267,,,s,
CHM00057516,29.583,106.467,416,,CHONGQING,,,19751103,TMIN,128,,,s,
CHM00057516,29.583,106.467,416,,CHONGQING,,,19750513,TMIN,189,,,s,
CHM00057516,29.583,106.467,416,,CHONGQING,,,19751103,PRCP,7,,,s,
CHM00057516,29.583,106.467,416,,CHONGQING,,,19750513,PRCP,0,T,,s,
CHM00057516,29.583,106.467,416,,CHONGQING,,,19751103,TAVG,136,,,s,
CHM00057516,29.583,106.467,416,,CHONGQING,,,19750513,TAVG,223,,,s,
CHM00057516,29.583,106.467,416,,CHONGQING,,,19751104,TMAX,141,,,s,
CHM00057516,29.583,106.467,416,,CHONGQING,,,19750514,TMAX,260,,,s,
CHM00057516,29.583,106.467,416,,CHONGQING,,,19751104,TMIN,128,,,s,
CHM00057516,29.583,106.467,416,,CHONGQING,,,19750514,TMIN,210,,,s,
CHM00057516,29.583,106.467,416,,CHONGQING,,,19751104,PRCP,67,,,s,
CHM00057516,29.583,106.467,416,,CHONGQING,,,19750514,PRCP,0,T,,s,
CHM00057516,29.583,106.467,416,,CHONGQING,,,19751104,TAVG,134,,,s,
CHM00057516,29.583,106.467,416,,CHONGQING,,,19750514,TAVG,227,,,s,
CHM00057516,29.583,106.467,416,,CHONGQING,,,19751105,TMAX,175,,,s,
CHM00057516,29.583,106.467,416,,CHONGQING,,,19750515,TMAX,267,,,s,
CHM00057516,29.583,106.467,416,,CHONGQING,,,19751105,TMIN,132,,,s,
CHM00057516,29.583,106.467,416,,CHONGQING,,,19750515,TMIN,189,,,s,
CHM00057516,29.583,106.467,416,,CHONGQING,,,19751105,PRCP,16,,,s,
CHM00057516,29.583,106.467,416,,CHONGQING,,,19750515,PRCP,290,,,s,
CHM00057516,29.583,106.467,416,,CHONGQING,,,19751105,TAVG,143,,,s,
CHM00057516,29.583,106.467,416,,CHONGQING,,,19750515,TAVG,224,,,s,
CHM00057516,29.583,106.467,416,,CHONGQING,,,19751106,TMAX,195,,,s,
CHM00057516,29.583,106.467,416,,CHONGQING,,,19750516,TMAX,281,,,s,
CHM00057516,29.583,106.467,416,,CHONGQING,,,19751106,TMIN,105,,,s,
CHM00057516,29.583,106.467,416,,CHONGQING,,,19750516,TMIN,209,,,s,
CHM00057516,29.583,106.467,416,,CHONGQING,,,19751106,PRCP,2,,,s,
CHM00057516,29.583,106.467,416,,CHONGQING,,,19750516,PRCP,1,,,s,
CHM00057516,29.583,106.467,416,,CHONGQING,,,19751106,TAVG,149,,,s,
CHM00057516,29.583,106.467,416,,CHONGQING,,,19750516,TAVG,242,,,s,
CHM00057516,29.583,106.467,416,,CHONGQING,,,19751107,TMAX,180,,,s,
CHM00057516,29.583,106.467,416,,CHONGQING,,,19750517,TMAX,270,,,s,
CHM00057516,29.583,106.467,416,,CHONGQING,,,19751107,TMIN,135,,,s,
CHM00057516,29.583,106.467,416,,CHONGQING,,,19750517,TMIN,218,,,s,
CHM00057516,29.583,106.467,416,,CHONGQING,,,19751107,PRCP,28,,,s,
CHM00057516,29.583,106.467,416,,CHONGQING,,,19750517,PRCP,0,,,s,
CHM00057516,29.583,106.467,416,,CHONGQING,,,19751107,TAVG,149,,,s,
CHM00057516,29.583,106.467,416,,CHONGQING,,,19750517,TAVG,240,,,s,
CHM00057516,29.583,106.467,416,,CHONGQING,,,19751108,TMAX,155,,,s,
CHM00057516,29.583,106.467,416,,CHONGQING,,,19750518,TMAX,240,,,s,
CHM00057516,29.583,106.467,416,,CHONGQING,,,19751108,TMIN,133,,,s,
CHM00057516,29.583,106.467,416,,CHONGQING,,,19750518,TMIN,172,,,s,
CHM00057516,29.583,106.467,416,,CHONGQING,,,19751108,PRCP,38,,,s,
CHM00057516,29.583,106.467,416,,CHONGQING,,,19750518,PRCP,157,,,s,
CHM00057516,29.583,106.467,416,,CHONGQING,,,19751108,TAVG,141,,,s,
CHM00057516,29.583,106.467,416,,CHONGQING,,,19750518,TAVG,194,,,s,
CHM00057516,29.583,106.467,416,,CHONGQING,,,19751109,TMAX,146,,,s,
CHM00057516,29.583,106.467,416,,CHONGQING,,,19750519,TMAX,180,,,s,
CHM00057516,29.583,106.467,416,,CHONGQING,,,19751109,TMIN,132,,,s,
CHM00057516,29.583,106.467,416,,CHONGQING,,,19750519,TMIN,161,,,s,
CHM00057516,29.583,106.467,416,,CHONGQING,,,19751109,PRCP,39,,,s,
CHM00057516,29.583,106.467,416,,CHONGQING,,,19750519,PRCP,233,,,s,
CHM00057516,29.583,106.467,416,,CHONGQING,,,19751109,TAVG,135,,,s,
CHM00057516,29.583,106.467,416,,CHONGQING,,,19750519,TAVG,169,,,s,
CHM00057516,29.583,106.467,416,,CHONGQING,,,19751110,TMAX,137,,,s,
CHM00057516,29.583,106.467,416,,CHONGQING,,,19750520,TMAX,187,,,s,
CHM00057516,29.583,106.467,416,,CHONGQING,,,19751110,TMIN,119,,,s,
CHM00057516,29.583,106.467,416,,CHONGQING,,,19750520,TMIN,150,,,s,
CHM00057516,29.583,106.467,416,,CHONGQING,,,19751110,PRCP,7,,,s,
CHM00057516,29.583,106.467,416,,CHONGQING,,,19750520,PRCP,1,,,s,
CHM00057516,29.583,106.467,416,,CHONGQING,,,19751110,TAVG,128,,,s,
CHM00057516,29.583,106.467,416,,CHONGQING,,,19750520,TAVG,169,,,s,
CHM00057516,29.583,106.467,416,,CHONGQING,,,19751111,TMAX,150,,,s,
CHM00057516,29.583,106.467,416,,CHONGQING,,,19750521,TMAX,257,,,s,
CHM00057516,29.583,106.467,416,,CHONGQING,,,19751111,TMIN,122,,,s,
CHM00057516,29.583,106.467,416,,CHONGQING,,,19750521,TMIN,160,,,s,
CHM00057516,29.583,106.467,416,,CHONGQING,,,19751111,PRCP,4,,,s,
CHM00057516,29.583,106.467,416,,CHONGQING,,,19750521,PRCP,0,,,s,
CHM00057516,29.583,106.467,416,,CHONGQING,,,19751111,TAVG,133,,,s,
CHM00057516,29.583,106.467,416,,CHONGQING,,,19750521,TAVG,200,,,s,
CHM00057516,29.583,106.467,416,,CHONGQING,,,19751112,TMAX,133,,,s,
CHM00057516,29.583,106.467,416,,CHONGQING,,,19750522,TMAX,285,,,s,
CHM00057516,29.583,106.467,416,,CHONGQING,,,19751112,TMIN,118,,,s,
CHM00057516,29.583,106.467,416,,CHONGQING,,,19750522,TMIN,191,,,s,
CHM00057516,29.583,106.467,416,,CHONGQING,,,19751112,PRCP,109,,,s,
CHM00057516,29.583,106.467,416,,CHONGQING,,,19750522,PRCP,0,,,s,
CHM00057516,29.583,106.467,416,,CHONGQING,,,19751112,TAVG,124,,,s,
CHM00057516,29.583,106.467,416,,CHONGQING,,,19750522,TAVG,231,,,s,
CHM00057516,29.583,106.467,416,,CHONGQING,,,19751113,TMAX,136,,,s,
CHM00057516,29.583,106.467,416,,CHONGQING,,,19750523,TMAX,290,,,s,
CHM00057516,29.583,106.467,416,,CHONGQING,,,19751113,TMIN,115,,,s,
CHM00057516,29.583,106.467,416,,CHONGQING,,,19750523,TMIN,196,,,s,
CHM00057516,29.583,106.467,416,,CHONGQING,,,19751113,PRCP,75,,,s,
CHM00057516,29.583,106.467,416,,CHONGQING,,,19750523,PRCP,0,,,s,
CHM00057516,29.583,106.467,416,,CHONGQING,,,19751113,TAVG,121,,,s,
CHM00057516,29.583,106.467,416,,CHONGQING,,,19750523,TAVG,238,,,s,
CHM00057516,29.583,106.467,416,,CHONGQING,,,19751114,TMAX,145,,,s,
CHM00057516,29.583,106.467,416,,CHONGQING,,,19750524,TMAX,260,,,s,
CHM00057516,29.583,106.467,416,,CHONGQING,,,19751114,TMIN,113,,,s,
CHM00057516,29.583,106.467,416,,CHONGQING,,,19750524,TMIN,209,,,s,
CHM00057516,29.583,106.467,416,,CHONGQING,,,19751114,PRCP,2,,,s,
CHM00057516,29.583,106.467,416,,CHONGQING,,,19750524,PRCP,8,,,s,
CHM00057516,29.583,106.467,416,,CHONGQING,,,19751114,TAVG,125,,,s,
CHM00057516,29.583,106.467,416,,CHONGQING,,,19750524,TAVG,228,,,s,
CHM00057516,29.583,106.467,416,,CHONGQING,,,19751115,TMAX,167,,,s,
CHM00057516,29.583,106.467,416,,CHONGQING,,,19750525,TMAX,212,,,s,
CHM00057516,29.583,106.467,416,,CHONGQING,,,19751115,TMIN,121,,,s,
CHM00057516,29.583,106.467,416,,CHONGQING,,,19750525,TMIN,182,,,s,
CHM00057516,29.583,106.467,416,,CHONGQING,,,19751115,PRCP,0,,,s,
CHM00057516,29.583,106.467,416,,CHONGQING,,,19750525,PRCP,101,,,s,
CHM00057516,29.583,106.467,416,,CHONGQING,,,19751115,TAVG,140,,,s,
CHM00057516,29.583,106.467,416,,CHONGQING,,,19750525,TAVG,190,,,s,
CHM00057516,29.583,106.467,416,,CHONGQING,,,19751116,TMAX,164,,,s,
CHM00057516,29.583,106.467,416,,CHONGQING,,,19750526,TMAX,224,,,s,
CHM00057516,29.583,106.467,416,,CHONGQING,,,19751116,TMIN,133,,,s,
CHM00057516,29.583,106.467,416,,CHONGQING,,,19750526,TMIN,184,,,s,
CHM00057516,29.583,106.467,416,,CHONGQING,,,19751116,PRCP,0,,,s,
CHM00057516,29.583,106.467,416,,CHONGQING,,,19750526,PRCP,15,,,s,
CHM00057516,29.583,106.467,416,,CHONGQING,,,19751116,TAVG,145,,,s,
CHM00057516,29.583,106.467,416,,CHONGQING,,,19750526,TAVG,202,,,s,
CHM00057516,29.583,106.467,416,,CHONGQING,,,19751117,TMAX,150,,,s,
CHM00057516,29.583,106.467,416,,CHONGQING,,,19750527,TMAX,210,,,s,
CHM00057516,29.583,106.467,416,,CHONGQING,,,19751117,TMIN,118,,,s,
CHM00057516,29.583,106.467,416,,CHONGQING,,,19750527,TMIN,182,,,s,
CHM00057516,29.583,106.467,416,,CHONGQING,,,19751117,PRCP,44,,,s,
CHM00057516,29.583,106.467,416,,CHONGQING,,,19750527,PRCP,176,,,s,
CHM00057516,29.583,106.467,416,,CHONGQING,,,19751117,TAVG,124,,,s,
CHM00057516,29.583,106.467,416,,CHONGQING,,,19750527,TAVG,194,,,s,
CHM00057516,29.583,106.467,416,,CHONGQING,,,19751118,TMAX,127,,,s,
CHM00057516,29.583,106.467,416,,CHONGQING,,,19750528,TMAX,237,,,s,
CHM00057516,29.583,106.467,416,,CHONGQING,,,19751118,TMIN,85,,,s,
CHM00057516,29.583,106.467,416,,CHONGQING,,,19750528,TMIN,179,,,s,
CHM00057516,29.583,106.467,416,,CHONGQING,,,19751118,PRCP,22,,,s,
CHM00057516,29.583,106.467,416,,CHONGQING,,,19750528,PRCP,142,,,s,
CHM00057516,29.583,106.467,416,,CHONGQING,,,19751118,TAVG,97,,,s,
CHM00057516,29.583,106.467,416,,CHONGQING,,,19750528,TAVG,202,,,s,
CHM00057516,29.583,106.467,416,,CHONGQING,,,19751119,TMAX,109,,,s,
CHM00057516,29.583,106.467,416,,CHONGQING,,,19750529,TMAX,277,,,s,
CHM00057516,29.583,106.467,416,,CHONGQING,,,19751119,TMIN,81,,,s,
CHM00057516,29.583,106.467,416,,CHONGQING,,,19750529,TMIN,184,,,s,
CHM00057516,29.583,106.467,416,,CHONGQING,,,19751119,PRCP,21,,,s,
CHM00057516,29.583,106.467,416,,CHONGQING,,,19750529,PRCP,0,,,s,
CHM00057516,29.583,106.467,416,,CHONGQING,,,19751119,TAVG,90,,,s,
CHM00057516,29.583,106.467,416,,CHONGQING,,,19750529,TAVG,226,,,s,
CHM00057516,29.583,106.467,416,,CHONGQING,,,19751120,TMAX,125,,,s,
CHM00057516,29.583,106.467,416,,CHONGQING,,,19750530,TMAX,305,,,s,
CHM00057516,29.583,106.467,416,,CHONGQING,,,19751120,TMIN,93,,,s,
CHM00057516,29.583,106.467,416,,CHONGQING,,,19750530,TMIN,184,,,s,
CHM00057516,29.583,106.467,416,,CHONGQING,,,19751120,PRCP,0,T,,s,
CHM00057516,29.583,106.467,416,,CHONGQING,,,19750530,PRCP,0,,,s,
CHM00057516,29.583,106.467,416,,CHONGQING,,,19751120,TAVG,103,,,s,
CHM00057516,29.583,106.467,416,,CHONGQING,,,19750530,TAVG,241,,,s,
CHM00057516,29.583,106.467,416,,CHONGQING,,,19751121,TMAX,162,,,s,
CHM00057516,29.583,106.467,416,,CHONGQING,,,19750531,TMAX,362,,,s,
CHM00057516,29.583,106.467,416,,CHONGQING,,,19751121,TMIN,89,,,s,
CHM00057516,29.583,106.467,416,,CHONGQING,,,19750531,TMIN,205,,,s,
CHM00057516,29.583,106.467,416,,CHONGQING,,,19751121,PRCP,0,,,s,
CHM00057516,29.583,106.467,416,,CHONGQING,,,19750531,PRCP,0,,,s,
CHM00057516,29.583,106.467,416,,CHONGQING,,,19751121,TAVG,112,,,s,
CHM00057516,29.583,106.467,416,,CHONGQING,,,19750531,TAVG,264,,,s,
CHM00057516,29.583,106.467,416,,CHONGQING,,,19751122,TMAX,120,,,s,
CHM00057516,29.583,106.467,416,,CHONGQING,,,19750601,TMAX,342,,,s,
CHM00057516,29.583,106.467,416,,CHONGQING,,,19751122,TMIN,84,,,s,
CHM00057516,29.583,106.467,416,,CHONGQING,,,19750601,TMIN,232,,,s,
CHM00057516,29.583,106.467,416,,CHONGQING,,,19751122,PRCP,28,,,s,
CHM00057516,29.583,106.467,416,,CHONGQING,,,19750601,PRCP,0,,,s,
CHM00057516,29.583,106.467,416,,CHONGQING,,,19751122,TAVG,103,,,s,
CHM00057516,29.583,106.467,416,,CHONGQING,,,19750601,TAVG,279,,,s,
CHM00057516,29.583,106.467,416,,CHONGQING,,,19751123,TMAX,109,,,s,
CHM00057516,29.583,106.467,416,,CHONGQING,,,19750602,TMAX,305,,,s,
CHM00057516,29.583,106.467,416,,CHONGQING,,,19751123,TMIN,53,,,s,
CHM00057516,29.583,106.467,416,,CHONGQING,,,19750602,TMIN,235,,,s,
CHM00057516,29.583,106.467,416,,CHONGQING,,,19751123,PRCP,0,,,s,
CHM00057516,29.583,106.467,416,,CHONGQING,,,19750602,PRCP,0,,,s,
CHM00057516,29.583,106.467,416,,CHONGQING,,,19751123,TAVG,79,,,s,
CHM00057516,29.583,106.467,416,,CHONGQING,,,19750602,TAVG,263,,,s,
CHM00057516,29.583,106.467,416,,CHONGQING,,,19751124,TMAX,98,,,s,
CHM00057516,29.583,106.467,416,,CHONGQING,,,19750603,TMAX,279,,,s,
CHM00057516,29.583,106.467,416,,CHONGQING,,,19751124,TMIN,69,,,s,
CHM00057516,29.583,106.467,416,,CHONGQING,,,19750603,TMIN,206,,,s,
CHM00057516,29.583,106.467,416,,CHONGQING,,,19751124,PRCP,0,,,s,
CHM00057516,29.583,106.467,416,,CHONGQING,,,19750603,PRCP,141,,,s,
CHM00057516,29.583,106.467,416,,CHONGQING,,,19751124,TAVG,82,,,s,
CHM00057516,29.583,106.467,416,,CHONGQING,,,19750603,TAVG,233,,,s,
CHM00057516,29.583,106.467,416,,CHONGQING,,,19751125,TMAX,105,,,s,
CHM00057516,29.583,106.467,416,,CHONGQING,,,19750604,TMAX,311,,,s,
CHM00057516,29.583,106.467,416,,CHONGQING,,,19751125,TMIN,74,,,s,
CHM00057516,29.583,106.467,416,,CHONGQING,,,19750604,TMIN,207,,,s,
CHM00057516,29.583,106.467,416,,CHONGQING,,,19751125,PRCP,0,,,s,
CHM00057516,29.583,106.467,416,,CHONGQING,,,19750604,PRCP,1,,,s,
CHM00057516,29.583,106.467,416,,CHONGQING,,,19751125,TAVG,86,,,s,
CHM00057516,29.583,106.467,416,,CHONGQING,,,19750604,TAVG,252,,,s,
CHM00057516,29.583,106.467,416,,CHONGQING,,,19751126,TMAX,146,,,s,
CHM00057516,29.583,106.467,416,,CHONGQING,,,19750605,TMAX,284,,,s,
CHM00057516,29.583,106.467,416,,CHONGQING,,,19751126,TMIN,52,,,s,
CHM00057516,29.583,106.467,416,,CHONGQING,,,19750605,TMIN,215,,,s,
CHM00057516,29.583,106.467,416,,CHONGQING,,,19751126,PRCP,0,,,s,
CHM00057516,29.583,106.467,416,,CHONGQING,,,19750605,PRCP,394,,,s,
CHM00057516,29.583,106.467,416,,CHONGQING,,,19751126,TAVG,88,,,s,
CHM00057516,29.583,106.467,416,,CHONGQING,,,19750605,TAVG,233,,,s,
CHM00057516,29.583,106.467,416,,CHONGQING,,,19751127,TMAX,155,,,s,
CHM00057516,29.583,106.467,416,,CHONGQING,,,19750606,TMAX,289,,,s,
CHM00057516,29.583,106.467,416,,CHONGQING,,,19751127,TMIN,33,,,s,
CHM00057516,29.583,106.467,416,,CHONGQING,,,19750606,TMIN,202,,,s,
CHM00057516,29.583,106.467,416,,CHONGQING,,,19751127,PRCP,1,,,s,
CHM00057516,29.583,106.467,416,,CHONGQING,,,19750606,PRCP,2,,,s,
CHM00057516,29.583,106.467,416,,CHONGQING,,,19751127,TAVG,86,,,s,
CHM00057516,29.583,106.467,416,,CHONGQING,,,19750606,TAVG,237,,,s,
CHM00057516,29.583,106.467,416,,CHONGQING,,,19751128,TMAX,117,,,s,
CHM00057516,29.583,106.467,416,,CHONGQING,,,19750607,TMAX,300,,,s,
CHM00057516,29.583,106.467,416,,CHONGQING,,,19751128,TMIN,54,,,s,
CHM00057516,29.583,106.467,416,,CHONGQING,,,19750607,TMIN,220,,,s,
CHM00057516,29.583,106.467,416,,CHONGQING,,,19751128,PRCP,3,,,s,
CHM00057516,29.583,106.467,416,,CHONGQING,,,19750607,PRCP,0,T,,s,
CHM00057516,29.583,106.467,416,,CHONGQING,,,19751128,TAVG,86,,,s,
CHM00057516,29.583,106.467,416,,CHONGQING,,,19750607,TAVG,260,,,s,
CHM00057516,29.583,106.467,416,,CHONGQING,,,19751129,TMAX,110,,,s,
CHM00057516,29.583,106.467,416,,CHONGQING,,,19750608,TMAX,273,,,s,
CHM00057516,29.583,106.467,416,,CHONGQING,,,19751129,TMIN,94,,,s,
CHM00057516,29.583,106.467,416,,CHONGQING,,,19750608,TMIN,226,,,s,
CHM00057516,29.583,106.467,416,,CHONGQING,,,19751129,PRCP,12,,,s,
CHM00057516,29.583,106.467,416,,CHONGQING,,,19750608,PRCP,1,,,s,
CHM00057516,29.583,106.467,416,,CHONGQING,,,19751129,TAVG,101,,,s,
CHM00057516,29.583,106.467,416,,CHONGQING,,,19750608,TAVG,245,,,s,
CHM00057516,29.583,106.467,416,,CHONGQING,,,19751130,TMAX,136,,,s,
CHM00057516,29.583,106.467,416,,CHONGQING,,,19750609,TMAX,255,,,s,
CHM00057516,29.583,106.467,416,,CHONGQING,,,19751130,TMIN,97,,,s,
CHM00057516,29.583,106.467,416,,CHONGQING,,,19750609,TMIN,200,,,s,
CHM00057516,29.583,106.467,416,,CHONGQING,,,19751130,PRCP,0,,,s,
CHM00057516,29.583,106.467,416,,CHONGQING,,,19750609,PRCP,341,,,s,
CHM00057516,29.583,106.467,416,,CHONGQING,,,19751130,TAVG,111,,,s,
CHM00057516,29.583,106.467,416,,CHONGQING,,,19750609,TAVG,223,,,s,
CHM00057516,29.583,106.467,416,,CHONGQING,,,19751201,TMAX,160,,,s,
CHM00057516,29.583,106.467,416,,CHONGQING,,,19750610,TMAX,242,,,s,
CHM00057516,29.583,106.467,416,,CHONGQING,,,19751201,TMIN,59,,,s,
CHM00057516,29.583,106.467,416,,CHONGQING,,,19750610,TMIN,213,,,s,
CHM00057516,29.583,106.467,416,,CHONGQING,,,19751201,PRCP,2,,,s,
CHM00057516,29.583,106.467,416,,CHONGQING,,,19750610,PRCP,239,,,s,
CHM00057516,29.583,106.467,416,,CHONGQING,,,19751201,TAVG,103,,,s,
CHM00057516,29.583,106.467,416,,CHONGQING,,,19750610,TAVG,218,,,s,
CHM00057516,29.583,106.467,416,,CHONGQING,,,19751202,TMAX,182,,,s,
CHM00057516,29.583,106.467,416,,CHONGQING,,,19750611,TMAX,239,,,s,
CHM00057516,29.583,106.467,416,,CHONGQING,,,19751202,TMIN,65,,,s,
CHM00057516,29.583,106.467,416,,CHONGQING,,,19750611,TMIN,208,,,s,
CHM00057516,29.583,106.467,416,,CHONGQING,,,19751202,PRCP,2,,,s,
CHM00057516,29.583,106.467,416,,CHONGQING,,,19750611,PRCP,23,,,s,
CHM00057516,29.583,106.467,416,,CHONGQING,,,19751202,TAVG,115,,,s,
CHM00057516,29.583,106.467,416,,CHONGQING,,,19750611,TAVG,218,,,s,
CHM00057516,29.583,106.467,416,,CHONGQING,,,19751203,TMAX,157,,,s,
CHM00057516,29.583,106.467,416,,CHONGQING,,,19750612,TMAX,250,,,s,
CHM00057516,29.583,106.467,416,,CHONGQING,,,19751203,TMIN,125,,,s,
CHM00057516,29.583,106.467,416,,CHONGQING,,,19750612,TMIN,203,,,s,
CHM00057516,29.583,106.467,416,,CHONGQING,,,19751203,PRCP,0,,,s,
CHM00057516,29.583,106.467,416,,CHONGQING,,,19750612,PRCP,29,,,s,
CHM00057516,29.583,106.467,416,,CHONGQING,,,19751203,TAVG,134,,,s,
CHM00057516,29.583,106.467,416,,CHONGQING,,,19750612,TAVG,219,,,s,
CHM00057516,29.583,106.467,416,,CHONGQING,,,19751204,TMAX,168,,,s,
CHM00057516,29.583,106.467,416,,CHONGQING,,,19750613,TMAX,250,,,s,
CHM00057516,29.583,106.467,416,,CHONGQING,,,19751204,TMIN,111,,,s,
CHM00057516,29.583,106.467,416,,CHONGQING,,,19750613,TMIN,196,,,s,
CHM00057516,29.583,106.467,416,,CHONGQING,,,19751204,PRCP,0,,,s,
CHM00057516,29.583,106.467,416,,CHONGQING,,,19750613,PRCP,13,,,s,
CHM00057516,29.583,106.467,416,,CHONGQING,,,19751204,TAVG,135,,,s,
CHM00057516,29.583,106.467,416,,CHONGQING,,,19750613,TAVG,217,,,s,
CHM00057516,29.583,106.467,416,,CHONGQING,,,19751205,TMAX,143,,,s,
CHM00057516,29.583,106.467,416,,CHONGQING,,,19750614,TMAX,270,,,s,
CHM00057516,29.583,106.467,416,,CHONGQING,,,19751205,TMIN,123,,,s,
CHM00057516,29.583,106.467,416,,CHONGQING,,,19750614,TMIN,205,,,s,
CHM00057516,29.583,106.467,416,,CHONGQING,,,19751205,PRCP,22,,,s,
CHM00057516,29.583,106.467,416,,CHONGQING,,,19750614,PRCP,43,,,s,
CHM00057516,29.583,106.467,416,,CHONGQING,,,19751205,TAVG,127,,,s,
CHM00057516,29.583,106.467,416,,CHONGQING,,,19750614,TAVG,225,,,s,
CHM00057516,29.583,106.467,416,,CHONGQING,,,19751206,TMAX,132,,,s,
CHM00057516,29.583,106.467,416,,CHONGQING,,,19750615,TMAX,219,,,s,
CHM00057516,29.583,106.467,416,,CHONGQING,,,19751206,TMIN,105,,,s,
CHM00057516,29.583,106.467,416,,CHONGQING,,,19750615,TMIN,192,,,s,
CHM00057516,29.583,106.467,416,,CHONGQING,,,19751206,PRCP,66,,,s,
CHM00057516,29.583,106.467,416,,CHONGQING,,,19750615,PRCP,700,,,s,
CHM00057516,29.583,106.467,416,,CHONGQING,,,19751206,TAVG,117,,,s,
CHM00057516,29.583,106.467,416,,CHONGQING,,,19750615,TAVG,202,,,s,
CHM00057516,29.583,106.467,416,,CHONGQING,,,19751207,TMAX,111,,,s,
CHM00057516,29.583,106.467,416,,CHONGQING,,,19750616,TMAX,281,,,s,
CHM00057516,29.583,106.467,416,,CHONGQING,,,19751207,TMIN,89,,,s,
CHM00057516,29.583,106.467,416,,CHONGQING,,,19750616,TMIN,200,,,s,
CHM00057516,29.583,106.467,416,,CHONGQING,,,19751207,PRCP,25,,,s,
CHM00057516,29.583,106.467,416,,CHONGQING,,,19750616,PRCP,1,,,s,
CHM00057516,29.583,106.467,416,,CHONGQING,,,19751207,TAVG,99,,,s,
CHM00057516,29.583,106.467,416,,CHONGQING,,,19750616,TAVG,233,,,s,
CHM00057516,29.583,106.467,416,,CHONGQING,,,19751208,TMAX,102,,,s,
CHM00057516,29.583,106.467,416,,CHONGQING,,,19750617,TMAX,307,,,s,
CHM00057516,29.583,106.467,416,,CHONGQING,,,19751208,TMIN,55,,,s,
CHM00057516,29.583,106.467,416,,CHONGQING,,,19750617,TMIN,188,,,s,
CHM00057516,29.583,106.467,416,,CHONGQING,,,19751208,PRCP,52,,,s,
CHM00057516,29.583,106.467,416,,CHONGQING,,,19750617,PRCP,0,,,s,
CHM00057516,29.583,106.467,416,,CHONGQING,,,19751208,TAVG,70,,,s,
CHM00057516,29.583,106.467,416,,CHONGQING,,,19750617,TAVG,245,,,s,
CHM00057516,29.583,106.467,416,,CHONGQING,,,19751209,TMAX,58,,,s,
CHM00057516,29.583,106.467,416,,CHONGQING,,,19750618,TMAX,302,,,s,
CHM00057516,29.583,106.467,416,,CHONGQING,,,19751209,TMIN,46,,,s,
CHM00057516,29.583,106.467,416,,CHONGQING,,,19750618,TMIN,214,,,s,
CHM00057516,29.583,106.467,416,,CHONGQING,,,19751209,PRCP,87,,,s,
CHM00057516,29.583,106.467,416,,CHONGQING,,,19750618,PRCP,0,,,s,
CHM00057516,29.583,106.467,416,,CHONGQING,,,19751209,TAVG,51,,,s,
CHM00057516,29.583,106.467,416,,CHONGQING,,,19750618,TAVG,256,,,s,
CHM00057516,29.583,106.467,416,,CHONGQING,,,19751210,TMAX,51,,,s,
CHM00057516,29.583,106.467,416,,CHONGQING,,,19750619,TMAX,341,,,s,
CHM00057516,29.583,106.467,416,,CHONGQING,,,19751210,TMIN,33,,,s,
CHM00057516,29.583,106.467,416,,CHONGQING,,,19750619,TMIN,215,,,s,
CHM00057516,29.583,106.467,416,,CHONGQING,,,19751210,PRCP,102,,,s,
CHM00057516,29.583,106.467,416,,CHONGQING,,,19750619,PRCP,0,,,s,
CHM00057516,29.583,106.467,416,,CHONGQING,,,19751210,TAVG,41,,,s,
CHM00057516,29.583,106.467,416,,CHONGQING,,,19750619,TAVG,278,,,s,
CHM00057516,29.583,106.467,416,,CHONGQING,,,19751211,TMAX,46,,,s,
CHM00057516,29.583,106.467,416,,CHONGQING,,,19750620,TMAX,361,,,s,
CHM00057516,29.583,106.467,416,,CHONGQING,,,19751211,TMIN,23,,,s,
CHM00057516,29.583,106.467,416,,CHONGQING,,,19750620,TMIN,250,,,s,
CHM00057516,29.583,106.467,416,,CHONGQING,,,19751211,PRCP,84,,,s,
CHM00057516,29.583,106.467,416,,CHONGQING,,,19750620,PRCP,0,,,s,
CHM00057516,29.583,106.467,416,,CHONGQING,,,19751211,TAVG,32,,,s,
CHM00057516,29.583,106.467,416,,CHONGQING,,,19750620,TAVG,303,,,s,
CHM00057516,29.583,106.467,416,,CHONGQING,,,19751212,TMAX,42,,,s,
CHM00057516,29.583,106.467,416,,CHONGQING,,,19750621,TMAX,349,,,s,
CHM00057516,29.583,106.467,416,,CHONGQING,,,19751212,TMIN,20,,,s,
CHM00057516,29.583,106.467,416,,CHONGQING,,,19750621,TMIN,266,,,s,
CHM00057516,29.583,106.467,416,,CHONGQING,,,19751212,PRCP,30,,,s,
CHM00057516,29.583,106.467,416,,CHONGQING,,,19750621,PRCP,0,,,s,
CHM00057516,29.583,106.467,416,,CHONGQING,,,19751212,TAVG,31,,,s,
CHM00057516,29.583,106.467,416,,CHONGQING,,,19750621,TAVG,308,,,s,
CHM00057516,29.583,106.467,416,,CHONGQING,,,19751213,TMAX,39,,,s,
CHM00057516,29.583,106.467,416,,CHONGQING,,,19750622,TMAX,314,,,s,
CHM00057516,29.583,106.467,416,,CHONGQING,,,19751213,TMIN,14,,,s,
CHM00057516,29.583,106.467,416,,CHONGQING,,,19750622,TMIN,264,,,s,
CHM00057516,29.583,106.467,416,,CHONGQING,,,19751213,PRCP,49,,,s,
CHM00057516,29.583,106.467,416,,CHONGQING,,,19750622,PRCP,0,T,,s,
CHM00057516,29.583,106.467,416,,CHONGQING,,,19751213,TAVG,27,,,s,
CHM00057516,29.583,106.467,416,,CHONGQING,,,19750622,TAVG,286,,,s,
CHM00057516,29.583,106.467,416,,CHONGQING,,,19751214,TMAX,57,,,s,
CHM00057516,29.583,106.467,416,,CHONGQING,,,19750623,TMAX,339,,,s,
CHM00057516,29.583,106.467,416,,CHONGQING,,,19751214,TMIN,10,,,s,
CHM00057516,29.583,106.467,416,,CHONGQING,,,19750623,TMIN,264,,,s,
CHM00057516,29.583,106.467,416,,CHONGQING,,,19751214,PRCP,0,T,,s,
CHM00057516,29.583,106.467,416,,CHONGQING,,,19750623,PRCP,0,T,,s,
CHM00057516,29.583,106.467,416,,CHONGQING,,,19751214,TAVG,24,,,s,
CHM00057516,29.583,106.467,416,,CHONGQING,,,19750623,TAVG,297,,,s,
CHM00057516,29.583,106.467,416,,CHONGQING,,,19751215,TMAX,69,,,s,
CHM00057516,29.583,106.467,416,,CHONGQING,,,19751215,TMIN,-17,,,s,
CHM00057516,29.583,106.467,416,,CHONGQING,,,19751215,PRCP,0,,,s,
CHM00057516,29.583,106.467,416,,CHONGQING,,,19751215,TAVG,17,,,s,
CHM00057516,29.583,106.467,416,,CHONGQING,,,19751216,TMAX,74,,,s,
CHM00057516,29.583,106.467,416,,CHONGQING,,,19751216,TMIN,-17,,,s,
CHM00057516,29.583,106.467,416,,CHONGQING,,,19751216,PRCP,1,,,s,
CHM00057516,29.583,106.467,416,,CHONGQING,,,19751216,TAVG,29,,,s,
CHM00057516,29.583,106.467,416,,CHONGQING,,,19751217,TMAX,95,,,s,
CHM00057516,29.583,106.467,416,,CHONGQING,,,19751217,TMIN,3,,,s,
CHM00057516,29.583,106.467,416,,CHONGQING,,,19751217,PRCP,0,,,s,
CHM00057516,29.583,106.467,416,,CHONGQING,,,19751217,TAVG,45,,,s,
CHM00057516,29.583,106.467,416,,CHONGQING,,,19751218,TMAX,69,,,s,
CHM00057516,29.583,106.467,416,,CHONGQING,,,19751218,TMIN,18,,,s,
CHM00057516,29.583,106.467,416,,CHONGQING,,,19751218,PRCP,0,,,s,
CHM00057516,29.583,106.467,416,,CHONGQING,,,19751218,TAVG,42,,,s,
CHM00057516,29.583,106.467,416,,CHONGQING,,,19751219,TMAX,85,,,s,
CHM00057516,29.583,106.467,416,,CHONGQING,,,19751219,TMIN,36,,,s,
CHM00057516,29.583,106.467,416,,CHONGQING,,,19751219,PRCP,0,,,s,
CHM00057516,29.583,106.467,416,,CHONGQING,,,19751219,TAVG,58,,,s,
CHM00057516,29.583,106.467,416,,CHONGQING,,,19751220,TMAX,112,,,s,
CHM00057516,29.583,106.467,416,,CHONGQING,,,19751220,TMIN,14,,,s,
CHM00057516,29.583,106.467,416,,CHONGQING,,,19751220,PRCP,0,,,s,
CHM00057516,29.583,106.467,416,,CHONGQING,,,19751220,TAVG,56,,,s,
CHM00057516,29.583,106.467,416,,CHONGQING,,,19751221,TMAX,107,,,s,
CHM00057516,29.583,106.467,416,,CHONGQING,,,19751221,TMIN,-1,,,s,
CHM00057516,29.583,106.467,416,,CHONGQING,,,19751221,PRCP,2,,,s,
CHM00057516,29.583,106.467,416,,CHONGQING,,,19751221,TAVG,48,,,s,
CHM00057516,29.583,106.467,416,,CHONGQING,,,19751222,TMAX,120,,,s,
CHM00057516,29.583,106.467,416,,CHONGQING,,,19751222,TMIN,-4,,,s,
CHM00057516,29.583,106.467,416,,CHONGQING,,,19751222,PRCP,2,,,s,
CHM00057516,29.583,106.467,416,,CHONGQING,,,19751222,TAVG,57,,,s,
CHM00057516,29.583,106.467,416,,CHONGQING,,,19751223,TMAX,135,,,s,
CHM00057516,29.583,106.467,416,,CHONGQING,,,19751223,TMIN,30,,,s,
CHM00057516,29.583,106.467,416,,CHONGQING,,,19751223,PRCP,0,,,s,
CHM00057516,29.583,106.467,416,,CHONGQING,,,19751223,TAVG,75,,,s,
CHM00057516,29.583,106.467,416,,CHONGQING,,,19751224,TMAX,131,,,s,
CHM00057516,29.583,106.467,416,,CHONGQING,,,19751224,TMIN,40,,,s,
CHM00057516,29.583,106.467,416,,CHONGQING,,,19751224,PRCP,0,,,s,
CHM00057516,29.583,106.467,416,,CHONGQING,,,19751224,TAVG,78,,,s,
CHM00057516,29.583,106.467,416,,CHONGQING,,,19751225,TMAX,111,,,s,
CHM00057516,29.583,106.467,416,,CHONGQING,,,19751225,TMIN,25,,,s,
CHM00057516,29.583,106.467,416,,CHONGQING,,,19751225,PRCP,2,,,s,
CHM00057516,29.583,106.467,416,,CHONGQING,,,19751225,TAVG,70,,,s,
CHM00057516,29.583,106.467,416,,CHONGQING,,,19751226,TMAX,107,,,s,
CHM00057516,29.583,106.467,416,,CHONGQING,,,19751226,TMIN,25,,,s,
CHM00057516,29.583,106.467,416,,CHONGQING,,,19751226,PRCP,2,,,s,
CHM00057516,29.583,106.467,416,,CHONGQING,,,19751226,TAVG,62,,,s,
CHM00057516,29.583,106.467,416,,CHONGQING,,,19751227,TMAX,115,,,s,
CHM00057516,29.583,106.467,416,,CHONGQING,,,19751227,TMIN,29,,,s,
CHM00057516,29.583,106.467,416,,CHONGQING,,,19751227,PRCP,1,,,s,
CHM00057516,29.583,106.467,416,,CHONGQING,,,19751227,TAVG,67,,,s,
CHM00057516,29.583,106.467,416,,CHONGQING,,,19751228,TMAX,116,,,s,
CHM00057516,29.583,106.467,416,,CHONGQING,,,19751228,TMIN,4,,,s,
CHM00057516,29.583,106.467,416,,CHONGQING,,,19751228,PRCP,0,,,s,
CHM00057516,29.583,106.467,416,,CHONGQING,,,19751228,TAVG,53,,,s,
CHM00057516,29.583,106.467,416,,CHONGQING,,,19751229,TMAX,98,,,s,
CHM00057516,29.583,106.467,416,,CHONGQING,,,19751229,TMIN,15,,,s,
CHM00057516,29.583,106.467,416,,CHONGQING,,,19751229,PRCP,0,,,s,
CHM00057516,29.583,106.467,416,,CHONGQING,,,19751229,TAVG,54,,,s,
CHM00057516,29.583,106.467,416,,CHONGQING,,,19751230,TMAX,110,,,s,
CHM00057516,29.583,106.467,416,,CHONGQING,,,19751230,TMIN,-5,,,s,
CHM00057516,29.583,106.467,416,,CHONGQING,,,19751230,PRCP,2,,,s,
CHM00057516,29.583,106.467,416,,CHONGQING,,,19751230,TAVG,50,,,s,
CHM00057516,29.583,106.467,416,,CHONGQING,,,19751231,TMAX,113,,,s,
CHM00057516,29.583,106.467,416,,CHONGQING,,,19751231,TMIN,13,,,s,
CHM00057516,29.583,106.467,416,,CHONGQING,,,19751231,PRCP,0,,,s,
CHM00057516,29.583,106.467,416,,CHONGQING,,,19751231,TAVG,62,,,s,
